dbSNP variant id;allele;variation type;functional consequence;Chr;assembly1;assembly2;PMID;title;author
rs576717830;SEQ=[C/T];snv;upstream_transcript_variant/downstream_transcript_variant;19;GRCh37-19:4725497;GRCh38-19:4725485;;;
rs574363116;SEQ=[C/G];snv;downstream_transcript_variant;19;GRCh37-19:4674778;GRCh38-19:4674766;;;
rs570691492;SEQ=[T/C];snv;upstream_transcript_variant/downstream_transcript_variant;19;GRCh37-19:4725398;GRCh38-19:4725386;;;
rs569166032;SEQ=[C/G/T];snv;upstream_transcript_variant/downstream_transcript_variant;19;GRCh37-19:4725197;GRCh38-19:4725185;;;
rs567789543;SEQ=[G/A];snv;downstream_transcript_variant;19;GRCh37-19:4675062;GRCh38-19:4675050;;;
rs567743267;SEQ=[C/G];snv;upstream_transcript_variant;19;GRCh37-19:4725775;GRCh38-19:4725763;;;
rs564598610;SEQ=[C/A/T];snv;upstream_transcript_variant/downstream_transcript_variant;19;GRCh37-19:4725651;GRCh38-19:4725639;;;
rs563055411;SEQ=[A/G];snv;downstream_transcript_variant;19;GRCh37-19:4674868;GRCh38-19:4674856;;;
rs556567914;SEQ=[G/C];snv;upstream_transcript_variant/downstream_transcript_variant;19;GRCh37-19:4725483;GRCh38-19:4725471;;;
rs555805747;SEQ=[C/T];snv;upstream_transcript_variant/downstream_transcript_variant;19;GRCh37-19:4725501;GRCh38-19:4725489;;;
rs553986744;SEQ=[G/A/T];snv;downstream_transcript_variant;19;GRCh37-19:4675019;GRCh38-19:4675007;;;
rs553922481;SEQ=[G/C];snv;upstream_transcript_variant/downstream_transcript_variant;19;GRCh37-19:4725395;GRCh38-19:4725383;;;
rs547750349;SEQ=[T/C];snv;upstream_transcript_variant;19;GRCh37-19:4725774;GRCh38-19:4725762;;;
rs547075777;SEQ=[G/C];snv;upstream_transcript_variant;19;GRCh37-19:4725813;GRCh38-19:4725801;;;
rs546382552;SEQ=[T/C];snv;downstream_transcript_variant;19;GRCh37-19:4674850;GRCh38-19:4674838;;;
rs543282030;SEQ=[T/C];snv;downstream_transcript_variant/upstream_transcript_variant;19;GRCh37-19:4725272;GRCh38-19:4725260;;;
rs542532460;SEQ=[C/T];snv;downstream_transcript_variant;19;GRCh37-19:4675018;GRCh38-19:4675006;;;
rs541807886;SEQ=[G/A/T];snv;downstream_transcript_variant/upstream_transcript_variant;19;GRCh37-19:4725498;GRCh38-19:4725486;;;
rs540061886;SEQ=[C/A];snv;downstream_transcript_variant/upstream_transcript_variant;19;GRCh37-19:4725460;GRCh38-19:4725448;;;
rs539639971;SEQ=[T/C];snv;upstream_transcript_variant;19;GRCh37-19:4725854;GRCh38-19:4725842;;;
rs536131482;SEQ=[G/C];snv;splice_acceptor_variant/upstream_transcript_variant;19;GRCh37-19:4724631;GRCh38-19:4724619;;;
rs533658939;SEQ=[G/C];snv;downstream_transcript_variant/upstream_transcript_variant;19;GRCh37-19:4725362;GRCh38-19:4725350;;;
rs533237386;SEQ=[G/T];snv;downstream_transcript_variant;19;GRCh37-19:4675090;GRCh38-19:4675078;;;
rs532190850;SEQ=[G/T];snv;downstream_transcript_variant/upstream_transcript_variant;19;GRCh37-19:4725683;GRCh38-19:4725671;;;
rs531991769;SEQ=[G/A/C];snv;downstream_transcript_variant;19;GRCh37-19:4674967;GRCh38-19:4674955;;;
rs531643464;SEQ=[A/C/G];snv;upstream_transcript_variant;19;GRCh37-19:4725749;GRCh38-19:4725737;;;
rs372943803;SEQ=[G/A];snv;downstream_transcript_variant;19;GRCh37-19:4675040;GRCh38-19:4675028;;;
rs192807215;SEQ=[T/C];snv;downstream_transcript_variant/upstream_transcript_variant;19;GRCh37-19:4725584;GRCh38-19:4725572;;;
rs187604445;SEQ=[C/T];snv;upstream_transcript_variant;19;GRCh37-19:4725781;GRCh38-19:4725769;;;
rs187563233;SEQ=[C/T];snv;upstream_transcript_variant/downstream_transcript_variant;19;GRCh37-19:4725582;GRCh38-19:4725570;;;
rs183301095;SEQ=[A/T];snv;upstream_transcript_variant/downstream_transcript_variant;19;GRCh37-19:4725298;GRCh38-19:4725286;;;
rs183162737;SEQ=[A/T];snv;upstream_transcript_variant;19;GRCh37-19:4725716;GRCh38-19:4725704;;;
rs182218654;SEQ=[C/A/T];snv;downstream_transcript_variant;19;GRCh37-19:4675153;GRCh38-19:4675141;;;
rs143671696;SEQ=[C/T];snv;upstream_transcript_variant/downstream_transcript_variant;19;GRCh37-19:4725233;GRCh38-19:4725221;;;
rs143130164;SEQ=[C/T];snv;upstream_transcript_variant;19;GRCh37-19:4725697;GRCh38-19:4725685;;;
rs142678239;SEQ=[T/A];snv;downstream_transcript_variant;19;GRCh37-19:4675087;GRCh38-19:4675075;;;
rs115485036;SEQ=[T/A/C/G];snv;splice_donor_variant/upstream_transcript_variant;19;GRCh37-19:4724723;GRCh38-19:4724711;;;
rs59686613;SEQ=[C/T];snv;upstream_transcript_variant;19;GRCh37-19:4725851;GRCh38-19:4725839;;;
