dbSNP variant id;allele;variation type;functional consequence;Chr;assembly1;assembly2;PMID;title;author
rs1481601443;SEQ=[AACAAACA/-/AACA/AACAAACAAACA/AACAAACAAACAAACA];delins;intron_variant;19;GRCh37-19:4701482;GRCh38-19:4701470;;;
rs1397068559;SEQ=[AA/-/A/AAA/AAAA];delins;genic_downstream_transcript_variant/intron_variant;19;GRCh37-19:4691486;GRCh38-19:4691474;;;
rs1212215343;SEQ=[GAAAGAAA/-/GAAA/GAAAGAAAGAAA];delins;intron_variant;19;GRCh37-19:4703694;GRCh38-19:4703682;;;
rs1012727877;SEQ=[C/-/CC/CCC];delins;intron_variant/genic_downstream_transcript_variant/upstream_transcript_variant;19;GRCh37-19:4679082;GRCh38-19:4679070;;;
rs777454958;SEQ=[AACAAACA/-/AACA/AACAAACAAACA/AACAAACAAACAAACA];delins;intron_variant;19;GRCh37-19:4701482;GRCh38-19:4701470;;;
rs759716201;SEQ=[AACAAACA/-/AACA/AACAAACAAACA/AACAAACAAACAAACA];delins;intron_variant;19;GRCh37-19:4701482;GRCh38-19:4701470;;;
rs564174920;SEQ=[-/T];delins;genic_downstream_transcript_variant/intron_variant;19;GRCh37-19:4680667;GRCh38-19:4680654;;;
rs549165034;SEQ=[AACAAACA/-/AACA/AACAAACAAACA/AACAAACAAACAAACA];delins;intron_variant;19;GRCh37-19:4701482;GRCh38-19:4701470;;;
rs546841302;SEQ=[AA/-/A/AAA/AAAA];delins;genic_downstream_transcript_variant/intron_variant;19;GRCh37-19:4691486;GRCh38-19:4691474;;;
rs386491660;SEQ=[G/T];snv;intron_variant/genic_downstream_transcript_variant;19;GRCh37-19:4686988;GRCh38-19:4686976;;;
rs386453118;SEQ=[G/A/T];snv;3_prime_UTR_variant/intron_variant;19;GRCh37-19:4694630;GRCh38-19:4694618;;;
rs368401561;SEQ=[A/-];delins;intron_variant;19;GRCh37-19:4698467;GRCh38-19:4698455;;;
rs201640960;SEQ=[GAAAGAAA/-/GAAA/GAAAGAAAGAAA];delins;intron_variant;19;GRCh37-19:4703694;GRCh38-19:4703682;;;
rs189872395;SEQ=[C/G/T];snv;intron_variant;19;GRCh37-19:4716627;GRCh38-19:4716615;;;
rs185798993;SEQ=[T/C/G];snv;intron_variant/upstream_transcript_variant;19;GRCh37-19:4724313;GRCh38-19:4724301;;;
rs185400223;SEQ=[T/C];snv;3_prime_UTR_variant/non_coding_transcript_variant/genic_downstream_transcript_variant;19;GRCh37-19:4675867;GRCh38-19:4675855;;;
rs151087492;SEQ=[-/G];ins;intron_variant/genic_downstream_transcript_variant;19;GRCh37-19:4680212;GRCh38-19:4680199;;;
rs150806667;SEQ=[G/A];snv;3_prime_UTR_variant/intron_variant/genic_downstream_transcript_variant/non_coding_transcript_variant;19;GRCh37-19:4684862;GRCh38-19:4684850;;;
rs150352862;SEQ=[G/A];snv;intron_variant;19;GRCh37-19:4698556;GRCh38-19:4698544;;;
rs148632622;SEQ=[C/-/CC/CCC];delins;intron_variant/genic_downstream_transcript_variant/upstream_transcript_variant;19;GRCh37-19:4679082;GRCh38-19:4679070;;;
rs148445612;SEQ=[G/A];snv;intron_variant/genic_downstream_transcript_variant;19;GRCh37-19:4680830;GRCh38-19:4680818;;;
rs148245760;SEQ=[AG/-];delins;intron_variant;19;GRCh37-19:4711342;GRCh38-19:4711330;;;
rs145684126;SEQ=[A/-];delins;intron_variant;19;GRCh37-19:4698467;GRCh38-19:4698455;;;
rs145673188;SEQ=[T/C];snv;intron_variant/genic_downstream_transcript_variant/upstream_transcript_variant;19;GRCh37-19:4678271;GRCh38-19:4678259;;;
rs145310769;SEQ=[G/A];snv;intron_variant;19;GRCh37-19:4707120;GRCh38-19:4707108;;;
rs145269119;SEQ=[GGC/-];delins;intron_variant;19;GRCh37-19:4695822;GRCh38-19:4695810;;;
rs145035644;SEQ=[G/A];snv;intron_variant;19;GRCh37-19:4716542;GRCh38-19:4716530;;;
rs143671696;SEQ=[C/T];snv;downstream_transcript_variant/upstream_transcript_variant;19;GRCh37-19:4725233;GRCh38-19:4725221;;;
rs142941937;SEQ=[C/-];delins;intron_variant/genic_downstream_transcript_variant;19;GRCh37-19:4679576;GRCh38-19:4679564;;;
rs142796015;SEQ=[G/A];snv;intron_variant/genic_downstream_transcript_variant/upstream_transcript_variant;19;GRCh37-19:4678405;GRCh38-19:4678393;;;
rs141993126;SEQ=[G/A];snv;intron_variant;19;GRCh37-19:4715305;GRCh38-19:4715293;;;
rs141481608;SEQ=[G/A];snv;intron_variant/genic_downstream_transcript_variant/upstream_transcript_variant;19;GRCh37-19:4678148;GRCh38-19:4678136;;;
rs141294259;SEQ=[T/C];snv;missense_variant/non_coding_transcript_variant/5_prime_UTR_variant/coding_sequence_variant/genic_downstream_transcript_variant;19;GRCh37-19:4682844;GRCh38-19:4682832;;;
rs140299905;SEQ=[G/C];snv;intron_variant;19;GRCh37-19:4706596;GRCh38-19:4706584;;;
rs139545231;SEQ=[G/A];snv;intron_variant;19;GRCh37-19:4716506;GRCh38-19:4716494;;;
rs139518006;SEQ=[C/A];snv;intron_variant;19;GRCh37-19:4713387;GRCh38-19:4713375;;;
rs138854784;SEQ=[G/A];snv;intron_variant;19;GRCh37-19:4715255;GRCh38-19:4715243;;;
rs138137175;SEQ=[G/A];snv;intron_variant;19;GRCh37-19:4715863;GRCh38-19:4715851;;;
rs118179725;SEQ=[G/A];snv;intron_variant;19;GRCh37-19:4716026;GRCh38-19:4716014;;;
rs117465167;SEQ=[G/A];snv;intron_variant/genic_downstream_transcript_variant;19;GRCh37-19:4693349;GRCh38-19:4693337;;;
rs117224104;SEQ=[C/T];snv;intron_variant;19;GRCh37-19:4706963;GRCh38-19:4706951;;;
rs116853154;SEQ=[T/C];snv;intron_variant/upstream_transcript_variant;19;GRCh37-19:4722408;GRCh38-19:4722396;;;
rs116782156;SEQ=[T/G];snv;intron_variant/genic_downstream_transcript_variant;19;GRCh37-19:4691636;GRCh38-19:4691624;;;
rs116506984;SEQ=[A/C/G];snv;intron_variant/upstream_transcript_variant/genic_upstream_transcript_variant;19;GRCh37-19:4724079;GRCh38-19:4724067;;;
rs116413741;SEQ=[G/A/C];snv;intron_variant/upstream_transcript_variant;19;GRCh37-19:4721412;GRCh38-19:4721400;;;
rs116016098;SEQ=[C/A/T];snv;intron_variant;19;GRCh37-19:4700059;GRCh38-19:4700047;;;
rs115895731;SEQ=[T/C];snv;intron_variant;19;GRCh37-19:4698712;GRCh38-19:4698700;;;
rs115830079;SEQ=[C/A/T];snv;intron_variant;19;GRCh37-19:4702927;GRCh38-19:4702915;;;
rs115770213;SEQ=[T/C];snv;intron_variant;19;GRCh37-19:4713861;GRCh38-19:4713849;;;
rs115767482;SEQ=[G/A/C];snv;intron_variant/genic_downstream_transcript_variant;19;GRCh37-19:4688967;GRCh38-19:4688955;;;
rs115545729;SEQ=[G/A];snv;intron_variant/upstream_transcript_variant/genic_upstream_transcript_variant;19;GRCh37-19:4724066;GRCh38-19:4724054;;;
rs115429929;SEQ=[C/T];snv;intron_variant;19;GRCh37-19:4699576;GRCh38-19:4699564;;;
rs115418035;SEQ=[G/A];snv;intron_variant;19;GRCh37-19:4718323;GRCh38-19:4718311;;;
rs115007261;SEQ=[G/A/T];snv;3_prime_UTR_variant/intron_variant;19;GRCh37-19:4694630;GRCh38-19:4694618;;;
rs114980592;SEQ=[C/T];snv;intron_variant;19;GRCh37-19:4708616;GRCh38-19:4708604;;;
rs114625537;SEQ=[G/A];snv;intron_variant;19;GRCh37-19:4709231;GRCh38-19:4709219;;;
rs114527900;SEQ=[A/G];snv;intron_variant;19;GRCh37-19:4699471;GRCh38-19:4699459;;;
rs114207932;SEQ=[T/G];snv;intron_variant;19;GRCh37-19:4698137;GRCh38-19:4698125;;;
rs114149871;SEQ=[A/C];snv;intron_variant;19;GRCh37-19:4713773;GRCh38-19:4713761;;;
rs114106411;SEQ=[C/G];snv;intron_variant/genic_downstream_transcript_variant;19;GRCh37-19:4687606;GRCh38-19:4687594;;;
rs113955105;SEQ=[T/C];snv;intron_variant;19;GRCh37-19:4712198;GRCh38-19:4712186;;;
rs113504637;SEQ=[G/A];snv;intron_variant;19;GRCh37-19:4717515;GRCh38-19:4717503;;;
rs113305890;SEQ=[A/T];snv;intron_variant/genic_downstream_transcript_variant;19;GRCh37-19:4680128;GRCh38-19:4680116;;;
rs113094386;SEQ=[A/G];snv;intron_variant;19;GRCh37-19:4699126;GRCh38-19:4699114;;;
rs112379499;SEQ=[G/A];snv;intron_variant;19;GRCh37-19:4696193;GRCh38-19:4696181;;;
rs112088461;SEQ=[C/A/T];snv;intron_variant;19;GRCh37-19:4706098;GRCh38-19:4706086;;;
rs111709962;SEQ=[G/A/C];snv;intron_variant;19;GRCh37-19:4702740;GRCh38-19:4702728;;;
rs111704719;SEQ=[G/A];snv;intron_variant;19;GRCh37-19:4713601;GRCh38-19:4713589;;;
rs111565721;SEQ=[G/A];snv;3_prime_UTR_variant/genic_downstream_transcript_variant/non_coding_transcript_variant;19;GRCh37-19:4675861;GRCh38-19:4675849;;;
rs111521912;SEQ=[C/T];snv;3_prime_UTR_variant/intron_variant/genic_downstream_transcript_variant;19;GRCh37-19:4684046;GRCh38-19:4684034;;;
rs111324386;SEQ=[A/G];snv;intron_variant;19;GRCh37-19:4698131;GRCh38-19:4698119;;;
rs111302448;SEQ=[C/A/T];snv;intron_variant/upstream_transcript_variant/genic_upstream_transcript_variant;19;GRCh37-19:4723553;GRCh38-19:4723541;;;
rs79954673;SEQ=[C/T];snv;intron_variant/genic_downstream_transcript_variant/upstream_transcript_variant;19;GRCh37-19:4677933;GRCh38-19:4677921;;;
rs79945697;SEQ=[G/A/C];snv;intron_variant;19;GRCh37-19:4707056;GRCh38-19:4707044;;;
rs79459675;SEQ=[C/A/G/T];snv;intron_variant/upstream_transcript_variant/genic_upstream_transcript_variant;19;GRCh37-19:4724073;GRCh38-19:4724061;;;
rs79298725;SEQ=[G/C];snv;intron_variant/genic_downstream_transcript_variant;19;GRCh37-19:4682323;GRCh38-19:4682311;;;
rs78895280;SEQ=[C/T];snv;intron_variant;19;GRCh37-19:4719834;GRCh38-19:4719822;;;
rs78788550;SEQ=[T/C];snv;intron_variant;19;GRCh37-19:4701151;GRCh38-19:4701139;;;
rs78655542;SEQ=[G/A];snv;3_prime_UTR_variant/intron_variant;19;GRCh37-19:4694383;GRCh38-19:4694371;;;
rs77704753;SEQ=[G/A];snv;intron_variant/downstream_transcript_variant/genic_downstream_transcript_variant;19;GRCh37-19:4693732;GRCh38-19:4693720;;;
rs77653348;SEQ=[A/T];snv;intron_variant/genic_downstream_transcript_variant;19;GRCh37-19:4680669;GRCh38-19:4680657;;;
rs76887206;SEQ=[C/A/T];snv;intron_variant;19;GRCh37-19:4716262;GRCh38-19:4716250;;;
rs76829312;SEQ=[G/A/C/T];snv;non_coding_transcript_variant/upstream_transcript_variant;19;GRCh37-19:4724721;GRCh38-19:4724709;;;
rs76734869;SEQ=[T/G];snv;intron_variant/upstream_transcript_variant/5_prime_UTR_variant/genic_upstream_transcript_variant;19;GRCh37-19:4723273;GRCh38-19:4723261;;;
rs76065513;SEQ=[G/A];snv;intron_variant/non_coding_transcript_variant/upstream_transcript_variant/genic_upstream_transcript_variant;19;GRCh37-19:4723906;GRCh38-19:4723894;;;
rs75894880;SEQ=[A/T];snv;intron_variant/genic_downstream_transcript_variant;19;GRCh37-19:4690630;GRCh38-19:4690618;;;
rs75090531;SEQ=[G/A];snv;intron_variant/genic_downstream_transcript_variant/upstream_transcript_variant;19;GRCh37-19:4677376;GRCh38-19:4677364;;;
rs75079922;SEQ=[C/T];snv;3_prime_UTR_variant/intron_variant/genic_downstream_transcript_variant;19;GRCh37-19:4684372;GRCh38-19:4684360;;;
rs75029446;SEQ=[C/T];snv;intron_variant;19;GRCh37-19:4701727;GRCh38-19:4701715;;;
rs74840661;SEQ=[C/T];snv;intron_variant;19;GRCh37-19:4700652;GRCh38-19:4700640;;;
rs74793100;SEQ=[A/G];snv;non_coding_transcript_variant/synonymous_variant/coding_sequence_variant;19;GRCh37-19:4702085;GRCh38-19:4702073;;;
rs74498012;SEQ=[G/T];snv;intron_variant/genic_downstream_transcript_variant;19;GRCh37-19:4676759;GRCh38-19:4676747;;;
rs73920123;SEQ=[G/A];snv;intron_variant;19;GRCh37-19:4718799;GRCh38-19:4718787;;;
rs73920122;SEQ=[T/C];snv;intron_variant;19;GRCh37-19:4718439;GRCh38-19:4718427;;;
rs73920120;SEQ=[C/T];snv;intron_variant;19;GRCh37-19:4707119;GRCh38-19:4707107;;;
rs73920119;SEQ=[G/A];snv;intron_variant;19;GRCh37-19:4702889;GRCh38-19:4702877;;;
rs73920118;SEQ=[G/A];snv;intron_variant/genic_downstream_transcript_variant;19;GRCh37-19:4690536;GRCh38-19:4690524;;;
rs73543657;SEQ=[G/A];snv;intron_variant;19;GRCh37-19:4718805;GRCh38-19:4718793;;;
rs73543654;SEQ=[C/T];snv;intron_variant;19;GRCh37-19:4717447;GRCh38-19:4717435;;;
rs73543639;SEQ=[C/A/T];snv;intron_variant;19;GRCh37-19:4713600;GRCh38-19:4713588;;;
rs73543629;SEQ=[C/T];snv;intron_variant;19;GRCh37-19:4705556;GRCh38-19:4705544;;;
rs73539528;SEQ=[G/A];snv;intron_variant/3_prime_UTR_variant/genic_downstream_transcript_variant/non_coding_transcript_variant;19;GRCh37-19:4685259;GRCh38-19:4685247;;;
rs73539513;SEQ=[T/C];snv;intron_variant/upstream_transcript_variant/genic_downstream_transcript_variant;19;GRCh37-19:4678617;GRCh38-19:4678605;;;
rs72620525;SEQ=[G/A];snv;intron_variant/genic_downstream_transcript_variant;19;GRCh37-19:4681152;GRCh38-19:4681140;;;
rs62113865;SEQ=[C/A];snv;intron_variant/genic_downstream_transcript_variant;19;GRCh37-19:4689790;GRCh38-19:4689778;;;
rs62113864;SEQ=[G/T];snv;intron_variant/genic_downstream_transcript_variant;19;GRCh37-19:4686988;GRCh38-19:4686976;;;
rs60844656;SEQ=[T/C];snv;intron_variant;19;GRCh37-19:4705580;GRCh38-19:4705568;;;
rs59987760;SEQ=[C/T];snv;intron_variant/genic_downstream_transcript_variant;19;GRCh37-19:4688400;GRCh38-19:4688388;;;
rs59550154;SEQ=[C/T];snv;intron_variant/upstream_transcript_variant;19;GRCh37-19:4721202;GRCh38-19:4721190;;;
rs59501413;SEQ=[G/A];snv;synonymous_variant/coding_sequence_variant/genic_downstream_transcript_variant/non_coding_transcript_variant;19;GRCh37-19:4689660;GRCh38-19:4689648;;;
rs59343698;SEQ=[T/C];snv;intron_variant;19;GRCh37-19:4718044;GRCh38-19:4718032;;;
rs58986029;SEQ=[G/A/T];snv;intron_variant;19;GRCh37-19:4698807;GRCh38-19:4698795;;;
rs58861166;SEQ=[G/C];snv;intron_variant/genic_downstream_transcript_variant;19;GRCh37-19:4680368;GRCh38-19:4680356;;;
rs58635793;SEQ=[G/A];snv;intron_variant;19;GRCh37-19:4717840;GRCh38-19:4717828;;;
rs58602777;SEQ=[G/A];snv;intron_variant/genic_downstream_transcript_variant;19;GRCh37-19:4682107;GRCh38-19:4682095;;;
rs58409125;SEQ=[G/A];snv;intron_variant/5_prime_UTR_variant/upstream_transcript_variant;19;GRCh37-19:4722313;GRCh38-19:4722301;;;
rs58044664;SEQ=[-/A];ins;intron_variant/upstream_transcript_variant;19;GRCh37-19:4724403;GRCh38-19:4724390;;;
rs57956959;SEQ=[C/T];snv;intron_variant/3_prime_UTR_variant/genic_downstream_transcript_variant;19;GRCh37-19:4684473;GRCh38-19:4684461;;;
rs57900827;SEQ=[G/A];snv;intron_variant;19;GRCh37-19:4710759;GRCh38-19:4710747;;;
rs57857554;SEQ=[G/A];snv;intron_variant;19;GRCh37-19:4709305;GRCh38-19:4709293;;;
rs57034092;SEQ=[G/A/T];snv;intron_variant;19;GRCh37-19:4695384;GRCh38-19:4695372;;;
rs56472111;SEQ=[T/C];snv;intron_variant;19;GRCh37-19:4715967;GRCh38-19:4715955;;;
rs56024312;SEQ=[-/A];ins;intron_variant/upstream_transcript_variant;19;GRCh37-19:4724403;GRCh38-19:4724390;;;
rs35574495;SEQ=[G/T];snv;intron_variant/genic_downstream_transcript_variant;19;GRCh37-19:4686988;GRCh38-19:4686976;;;
rs35408525;SEQ=[T/C];snv;intron_variant;19;GRCh37-19:4705215;GRCh38-19:4705203;;;
rs34517011;SEQ=[C/T];snv;intron_variant;19;GRCh37-19:4703465;GRCh38-19:4703453;;;
rs34136596;SEQ=[A/G];snv;intron_variant/downstream_transcript_variant/genic_downstream_transcript_variant;19;GRCh37-19:4693903;GRCh38-19:4693891;;;
rs28508571;SEQ=[C/T];snv;intron_variant/genic_downstream_transcript_variant;19;GRCh37-19:4688400;GRCh38-19:4688388;;;
rs28432069;SEQ=[G/A];snv;synonymous_variant/coding_sequence_variant/genic_downstream_transcript_variant/non_coding_transcript_variant;19;GRCh37-19:4689660;GRCh38-19:4689648;;;
rs16992518;SEQ=[T/C];snv;intron_variant;19;GRCh37-19:4716716;GRCh38-19:4716704;;;
rs16992502;SEQ=[T/C];snv;intron_variant;19;GRCh37-19:4705580;GRCh38-19:4705568;;;
rs10426285;SEQ=[G/C];snv;intron_variant;19;GRCh37-19:4700464;GRCh38-19:4700452;;;
rs10426236;SEQ=[T/C];snv;intron_variant/genic_downstream_transcript_variant;19;GRCh37-19:4690718;GRCh38-19:4690706;;;
rs10424188;SEQ=[T/C];snv;intron_variant;19;GRCh37-19:4711455;GRCh38-19:4711443;;;
rs10420502;SEQ=[G/A];snv;intron_variant;19;GRCh37-19:4715861;GRCh38-19:4715849;;;
rs10419679;SEQ=[A/G];snv;intron_variant;19;GRCh37-19:4697517;GRCh38-19:4697505;;;
rs10417187;SEQ=[A/G];snv;intron_variant;19;GRCh37-19:4702399;GRCh38-19:4702387;;;
rs10414220;SEQ=[G/A];snv;intron_variant;19;GRCh37-19:4709305;GRCh38-19:4709293;;;
rs10412160;SEQ=[G/A];snv;3_prime_UTR_variant/genic_downstream_transcript_variant/non_coding_transcript_variant;19;GRCh37-19:4675853;GRCh38-19:4675841;;;
rs10408891;SEQ=[G/C];snv;intron_variant/genic_downstream_transcript_variant;19;GRCh37-19:4680368;GRCh38-19:4680356;;;
rs10404657;SEQ=[G/A];snv;intron_variant/coding_sequence_variant/genic_downstream_transcript_variant/non_coding_transcript_variant/missense_variant;19;GRCh37-19:4683292;GRCh38-19:4683280;;;
rs10402537;SEQ=[T/C];snv;intron_variant;19;GRCh37-19:4715967;GRCh38-19:4715955;;;
rs10401938;SEQ=[C/T];snv;intron_variant;19;GRCh37-19:4716203;GRCh38-19:4716191;;;
rs2109068;SEQ=[G/A];snv;intron_variant;19;GRCh37-19:4719247;GRCh38-19:4719235;;;
rs758508;SEQ=[C/T];snv;intron_variant;19;GRCh37-19:4718702;GRCh38-19:4718690;;;
