transcript id;description;transcript variant;accession;Chr;length in bp
1519241926;Homo sapiens dipeptidyl peptidase 8 (DPP8); transcript variant 1;NM_130434.5;Chr19;7281
1370466858;PREDICTED: Homo sapiens dipeptidyl peptidase 8 (DPP8); transcript variant X23;XR_001751340.2;Chr19;3117
1370466857;PREDICTED: Homo sapiens dipeptidyl peptidase 8 (DPP8); transcript variant X22;XR_001751339.2;Chr19;2929
1370466856;PREDICTED: Homo sapiens dipeptidyl peptidase 8 (DPP8); transcript variant X21;XR_001751338.2;Chr19;7283
1370466855;PREDICTED: Homo sapiens dipeptidyl peptidase 8 (DPP8); transcript variant X18;XR_001751337.2;Chr19;7142
1370466854;PREDICTED: Homo sapiens dipeptidyl peptidase 8 (DPP8); transcript variant X17;XR_001751336.2;Chr19;2965
1370466853;PREDICTED: Homo sapiens dipeptidyl peptidase 8 (DPP8); transcript variant X16;XR_001751335.2;Chr19;7316
1370466852;PREDICTED: Homo sapiens dipeptidyl peptidase 8 (DPP8); transcript variant X15;XR_001751334.2;Chr19;7551
1370466851;PREDICTED: Homo sapiens dipeptidyl peptidase 8 (DPP8); transcript variant X14;XR_001751333.2;Chr19;7704
1370466850;PREDICTED: Homo sapiens dipeptidyl peptidase 8 (DPP8); transcript variant X13;XM_017022381.2;Chr19;6825
1370466849;PREDICTED: Homo sapiens dipeptidyl peptidase 8 (DPP8); transcript variant X12;XM_017022380.2;Chr19;2688
1370466848;PREDICTED: Homo sapiens dipeptidyl peptidase 8 (DPP8); transcript variant X11;XM_017022379.2;Chr19;6954
1370466847;PREDICTED: Homo sapiens dipeptidyl peptidase 8 (DPP8); transcript variant X10;XM_017022378.2;Chr19;7251
1370466846;PREDICTED: Homo sapiens dipeptidyl peptidase 8 (DPP8); transcript variant X9;XM_017022377.2;Chr19;6978
1370466845;PREDICTED: Homo sapiens dipeptidyl peptidase 8 (DPP8); transcript variant X8;XM_011521734.2;Chr19;7216
1370466844;PREDICTED: Homo sapiens dipeptidyl peptidase 8 (DPP8); transcript variant X7;XM_011521733.2;Chr19;7107
1370466843;PREDICTED: Homo sapiens dipeptidyl peptidase 8 (DPP8); transcript variant X6;XM_011521732.3;Chr19;7404
1370466842;PREDICTED: Homo sapiens dipeptidyl peptidase 8 (DPP8); transcript variant X5;XM_017022376.2;Chr19;7128
1370466841;PREDICTED: Homo sapiens dipeptidyl peptidase 8 (DPP8); transcript variant X4;XM_017022375.2;Chr19;7152
1370466840;PREDICTED: Homo sapiens dipeptidyl peptidase 8 (DPP8); transcript variant X3;XM_011521731.2;Chr19;7342
1370466839;PREDICTED: Homo sapiens dipeptidyl peptidase 8 (DPP8); transcript variant X2;XM_017022374.2;Chr19;7363
1370466838;PREDICTED: Homo sapiens dipeptidyl peptidase 8 (DPP8); transcript variant X1;XM_011521730.2;Chr19;7387
1034591191;PREDICTED: Homo sapiens dipeptidyl peptidase 8 (DPP8); transcript variant X20;XM_017022383.1;Chr19;6086
1034591189;PREDICTED: Homo sapiens dipeptidyl peptidase 8 (DPP8); transcript variant X19;XM_017022382.1;Chr19;6114
530406104;PREDICTED: Homo sapiens dipeptidyl peptidase 8 (DPP8); transcript variant X24;XM_005254505.1;Chr19;5987
1700447783;Homo sapiens dipeptidyl peptidase 8 (DPP8); transcript variant 5;NR_135485.2;Chr19;7469
1701108956;Homo sapiens dipeptidyl peptidase 8 (DPP8); transcript variant 7;NR_135486.2;Chr19;7412
1676355481;Homo sapiens dipeptidyl peptidase 8 (DPP8); transcript variant 6;NM_001320875.2;Chr19;7417
1675159331;Homo sapiens dipeptidyl peptidase 8 (DPP8); transcript variant 8;NM_001320876.2;Chr19;7386
1675115520;Homo sapiens dipeptidyl peptidase 8 (DPP8); transcript variant 3;NM_197960.4;Chr19;7282
1675107575;Homo sapiens dipeptidyl peptidase 8 (DPP8); transcript variant 4;NM_197961.4;Chr19;7264
1674995210;Homo sapiens dipeptidyl peptidase 8 (DPP8); transcript variant 2;NM_017743.6;Chr19;6981
