dbVar variant id;variant region id;type;variant call id;variant call type;sample id;zygosity;subject phenotype;study ID;clinical assertion;Chr;assembly1;assembly2;assembly3
50024441;nsv4545225;['insertion'];nssv16013766;insertion;;;;nstd166;[];15;GRCh37.p13:65786350-65786351;GRCh38.p12:65494012-65494013;not applicable:X-X
24576021;esv3656533;['insertion'];essv16480084;insertion;;;;estd217;[];15;GRCh37:65783498-65783498;GRCh38.p12:65491160-65491160;not applicable:X-X
24558392;esv3656530;['insertion'];essv16480081;insertion;;;;estd217;[];15;GRCh37:65780941-65780941;GRCh38.p12:65488603-65488603;not applicable:X-X
14119771;esv2934611;['insertion'];essv7204178;insertion;HuRef;;;estd209;[];15;GRCh37:65805556-65805556;GRCh38.p12:65513218-65513218;not applicable:X-X
14115029;esv2934609;['insertion'];essv7204176;insertion;HuRef;Heterozygous;;estd209;[];15;GRCh37:65799722-65799722;GRCh38.p12:65507384-65507384;not applicable:X-X
14114189;esv2934601;['insertion'];essv7204168;insertion;HuRef;;;estd209;[];15;GRCh37:65753946-65753946;GRCh38.p12:65461608-65461608;not applicable:X-X
14113866;esv2934604;['insertion'];essv7204171;insertion;HuRef;Homozygous;;estd209;[];15;GRCh37:65773421-65773421;GRCh38.p12:65481083-65481083;not applicable:X-X
14112658;esv2934610;['insertion'];essv7204177;insertion;HuRef;Homozygous;;estd209;[];15;GRCh37:65804083-65804083;GRCh38.p12:65511745-65511745;not applicable:X-X
14112430;esv2934608;['insertion'];essv7204175;insertion;HuRef;Heterozygous;;estd209;[];15;GRCh37:65788706-65788706;GRCh38.p12:65496368-65496368;not applicable:X-X
14112429;esv2934606;['insertion'];essv7204173;insertion;HuRef;Heterozygous;;estd209;[];15;GRCh37:65782884-65782884;GRCh38.p12:65490546-65490546;not applicable:X-X
14111508;esv2934603;['insertion'];essv7204170;insertion;HuRef;Heterozygous;;estd209;[];15;GRCh37:65765663-65765663;GRCh38.p12:65473325-65473325;not applicable:X-X
14111245;esv2934605;['insertion'];essv7204172;insertion;HuRef;Homozygous;;estd209;[];15;GRCh37:65782451-65782451;GRCh38.p12:65490113-65490113;not applicable:X-X
14107369;esv2934607;['insertion'];essv7204174;insertion;HuRef;Heterozygous;;estd209;[];15;GRCh37:65784989-65784989;GRCh38.p12:65492651-65492651;not applicable:X-X
14105300;esv2934598;['insertion'];essv7204165;insertion;HuRef;;;estd209;[];15;GRCh37:65735831-65735831;GRCh38.p12:65443493-65443493;not applicable:X-X
14104726;esv2934600;['insertion'];essv7204167;insertion;HuRef;Heterozygous;;estd209;[];15;GRCh37:65748446-65748446;GRCh38.p12:65456108-65456108;not applicable:X-X
14104193;esv2934599;['insertion'];essv7204166;insertion;HuRef;Heterozygous;;estd209;[];15;GRCh37:65740845-65740845;GRCh38.p12:65448507-65448507;not applicable:X-X
14103616;esv2934597;['insertion'];essv7204164;insertion;HuRef;Heterozygous;;estd209;[];15;GRCh37:65734015-65734015;GRCh38.p12:65441677-65441677;not applicable:X-X
8197100;esv1751077;['insertion'];essv3798505;insertion;HuRef;Heterozygous;;estd22;[];15;NCBI36:63539866-63539866;GRCh37.p13:65752813-65752813;GRCh38.p12:65460475-65460475
8159847;esv1712908;['insertion'];essv3837621;insertion;HuRef;Homozygous;;estd22;[];15;NCBI36:63569504-63569504;GRCh37.p13:65782451-65782451;GRCh38.p12:65490113-65490113
8122040;esv1676264;['insertion'];essv4306171;insertion;HuRef;Homozygous;;estd22;[];15;NCBI36:63573554-63573554;GRCh37.p13:65786501-65786501;GRCh38.p12:65494163-65494163
8057196;esv1610141;['insertion'];essv4253840;insertion;HuRef;Homozygous;;estd22;[];15;NCBI36:63574053-63574053;GRCh37.p13:65787000-65787000;GRCh38.p12:65494662-65494662
8044108;esv1597942;['insertion'];essv4195892;insertion;HuRef;Homozygous;;estd22;[];15;NCBI36:63568822-63568822;GRCh37.p13:65781769-65781769;GRCh38.p12:65489431-65489431
8007639;esv1560786;['insertion'];essv3660985;insertion;HuRef;Homozygous;;estd22;[];15;NCBI36:63591139-63591139;GRCh37.p13:65804086-65804086;GRCh38.p12:65511748-65511748
7768471;esv1321729;['insertion'];essv4204971;insertion;HuRef;Homozygous;;estd22;[];15;NCBI36:63585356-63585356;GRCh37.p13:65798303-65798303;GRCh38.p12:65505965-65505965
7752235;esv1306192;['insertion'];essv3998407;insertion;HuRef;Homozygous;;estd22;[];15;NCBI36:63592622-63592622;GRCh37.p13:65805569-65805569;GRCh38.p12:65513231-65513231
7738302;esv1291250;['insertion'];essv4278016;insertion;HuRef;Heterozygous;;estd22;[];15;NCBI36:63549724-63549724;GRCh37.p13:65762671-65762671;GRCh38.p12:65470333-65470333
7722208;esv1275666;['insertion'];essv3701227;insertion;HuRef;Heterozygous;;estd22;[];15;NCBI36:63575761-63575761;GRCh37.p13:65788708-65788708;GRCh38.p12:65496370-65496370
7705457;esv1258927;['insertion'];essv3844523;insertion;HuRef;Heterozygous;;estd22;[];15;NCBI36:63535504-63535504;GRCh37.p13:65748451-65748451;GRCh38.p12:65456113-65456113
7688648;esv1242510;['insertion'];essv3970061;insertion;HuRef;Homozygous;;estd22;[];15;NCBI36:63584077-63584077;GRCh37.p13:65797024-65797024;GRCh38.p12:65504686-65504686
7664161;esv1216718;['insertion'];essv4021189;insertion;HuRef;Homozygous;;estd22;[];15;NCBI36:63586040-63586040;GRCh37.p13:65798987-65798987;GRCh38.p12:65506649-65506649
7609031;esv1161805;['insertion'];essv3666955;insertion;HuRef;Homozygous;;estd22;[];15;NCBI36:63578497-63578497;GRCh37.p13:65791444-65791444;GRCh38.p12:65499106-65499106
7591442;esv1144685;['insertion'];essv4347529;insertion;HuRef;Homozygous;;estd22;[];15;NCBI36:63522896-63522896;GRCh37.p13:65735843-65735843;GRCh38.p12:65443505-65443505
7570618;esv1124114;['insertion'];essv4112735;insertion;HuRef;Homozygous;;estd22;[];15;NCBI36:63550014-63550014;GRCh37.p13:65762961-65762961;GRCh38.p12:65470623-65470623
7474009;esv1027116;['insertion'];essv3718007;insertion;HuRef;Homozygous;;estd22;[];15;NCBI36:63591049-63591049;GRCh37.p13:65803996-65803996;GRCh38.p12:65511658-65511658
6648623;esv2413376;['insertion'];essv4968347;insertion;NA18507;;;estd194;[];15;NCBI36:63538447-63538447;GRCh37.p13:65751394-65751394;GRCh38.p12:65459056-65459056
6628573;esv2321732;['insertion'];essv4975628;insertion;NA18507;;;estd194;[];15;NCBI36:63525096-63525096;GRCh37.p13:65738043-65738043;GRCh38.p12:65445705-65445705
6602416;esv2282135;['insertion'];essv4746571;insertion;NA18507;;;estd194;[];15;NCBI36:63575760-63575760;GRCh37.p13:65788707-65788707;GRCh38.p12:65496369-65496369
6598575;esv2304052;['insertion'];essv4850406;insertion;NA18507;;;estd194;[];15;NCBI36:63569938-63569938;GRCh37.p13:65782885-65782885;GRCh38.p12:65490547-65490547
6568283;esv2376071;['insertion'];essv4498686;insertion;NA18507;;;estd194;[];15;NCBI36:63540407-63540407;GRCh37.p13:65753354-65753354;GRCh38.p12:65461016-65461016
6558551;esv2337660;['insertion'];essv4948812;insertion;NA18507;;;estd194;[];15;NCBI36:63538432-63538432;GRCh37.p13:65751379-65751379;GRCh38.p12:65459041-65459041
6491732;esv2204732;['insertion'];essv4802274;insertion;NA18507;;;estd194;[];15;NCBI36:63535500-63535500;GRCh37.p13:65748447-65748447;GRCh38.p12:65456109-65456109
6435184;esv2252931;['insertion'];essv4892969;insertion;NA18507;;;estd194;[];15;NCBI36:63591137-63591137;GRCh37.p13:65804084-65804084;GRCh38.p12:65511746-65511746
6381100;esv2048402;['insertion'];essv4619793;insertion;NA18507;;;estd194;[];15;NCBI36:63559266-63559266;GRCh37.p13:65772213-65772213;GRCh38.p12:65479875-65479875
6339301;esv2110223;['insertion'];essv4909993;insertion;NA18507;;;estd194;[];15;NCBI36:63579832-63579832;GRCh37.p13:65792779-65792779;GRCh38.p12:65500441-65500441
6327518;esv2137974;['insertion'];essv4713755;insertion;NA18507;;;estd194;[];15;NCBI36:63569505-63569505;GRCh37.p13:65782452-65782452;GRCh38.p12:65490114-65490114
6309426;esv2136638;['insertion'];essv4929633;insertion;NA18507;;;estd194;[];15;NCBI36:63586041-63586041;GRCh37.p13:65798988-65798988;GRCh38.p12:65506650-65506650
6307845;esv2108201;['insertion'];essv4613746;insertion;NA18507;;;estd194;[];15;NCBI36:63526425-63526425;GRCh37.p13:65739372-65739372;GRCh38.p12:65447034-65447034
6273396;esv1949242;['insertion'];essv4794310;insertion;NA18507;;;estd194;[];15;NCBI36:63589930-63589930;GRCh37.p13:65802877-65802877;GRCh38.p12:65510539-65510539
6271310;esv1967958;['insertion'];essv4928068;insertion;NA18507;;;estd194;[];15;NCBI36:63579810-63579810;GRCh37.p13:65792757-65792757;GRCh38.p12:65500419-65500419
6266973;esv1964528;['insertion'];essv4912193;insertion;NA18507;;;estd194;[];15;NCBI36:63522896-63522896;GRCh37.p13:65735843-65735843;GRCh38.p12:65443505-65443505
6208346;esv2028290;['insertion'];essv4533882;insertion;NA18507;;;estd194;[];15;NCBI36:63560475-63560475;GRCh37.p13:65773422-65773422;GRCh38.p12:65481084-65481084
6201794;esv1990059;['insertion'];essv4923820;insertion;NA18507;;;estd194;[];15;NCBI36:63522885-63522885;GRCh37.p13:65735832-65735832;GRCh38.p12:65443494-65443494
5637858;esv2500578;['insertion'];essv5214513;insertion;NA18507;;;estd197;[];15;NCBI36:63575758-63575758;GRCh37.p13:65788705-65788705;GRCh38.p12:65496367-65496367
5637856;esv2509565;['insertion'];essv5180130;insertion;NA18507;;;estd197;[];15;NCBI36:63569937-63569937;GRCh37.p13:65782884-65782884;GRCh38.p12:65490546-65490546
5637855;esv2572709;['insertion'];essv5241980;insertion;NA18507;;;estd197;[];15;NCBI36:63569504-63569504;GRCh37.p13:65782451-65782451;GRCh38.p12:65490113-65490113
5637848;esv2639528;['insertion'];essv5248558;insertion;NA18507;;;estd197;[];15;NCBI36:63535504-63535504;GRCh37.p13:65748451-65748451;GRCh38.p12:65456113-65456113
5637847;esv2640208;['insertion'];essv5319400;insertion;NA18507;;;estd197;[];15;NCBI36:63535499-63535499;GRCh37.p13:65748446-65748446;GRCh38.p12:65456108-65456108
5637844;esv2565400;['insertion'];essv5168874;insertion;NA18507;;;estd197;[];15;NCBI36:63523196-63523196;GRCh37.p13:65736143-65736143;GRCh38.p12:65443805-65443805
5637843;esv2578473;['insertion'];essv5352225;insertion;NA18507;;;estd197;[];15;NCBI36:63522896-63522896;GRCh37.p13:65735843-65735843;GRCh38.p12:65443505-65443505
5469512;esv2470764;['insertion'];essv5333617;insertion;NA18507;;;estd197;[];15;NCBI36:63521078-63521078;GRCh37.p13:65734025-65734025;GRCh38.p12:65441687-65441687
5469511;esv2425548;['insertion'];essv5193663;insertion;NA18507;;;estd197;[];15;NCBI36:63521068-63521068;GRCh37.p13:65734015-65734015;GRCh38.p12:65441677-65441677
200347;nsv95211;['insertion'];nssv113789;insertion;;;;nstd6;[];15;NCBI35:63535505-63535505;GRCh37.p13:65748452-65748452;GRCh38.p12:65456114-65456114
200332;nsv95196;['insertion'];nssv113774;insertion;;;;nstd6;[];15;NCBI35:63574045-63574045;GRCh37.p13:65786992-65786992;GRCh38.p12:65494654-65494654
198303;nsv93167;['insertion'];nssv111745;insertion;;;;nstd6;[];15;NCBI35:63589940-63589940;GRCh37.p13:65802887-65802887;GRCh38.p12:65510549-65510549
198286;nsv93150;['insertion'];nssv111728;insertion;;;;nstd6;[];15;NCBI35:63591140-63591140;GRCh37.p13:65804087-65804087;GRCh38.p12:65511749-65511749
197576;nsv92440;['insertion'];nssv111018;insertion;;;;nstd6;[];15;NCBI35:63574045-63574045;GRCh37.p13:65786992-65786992;GRCh38.p12:65494654-65494654
196707;nsv91571;['insertion'];nssv110149;insertion;;;;nstd6;[];15;NCBI35:63568823-63568823;GRCh37.p13:65781770-65781770;GRCh38.p12:65489432-65489432
194999;nsv89863;['insertion'];nssv108441;insertion;;;;nstd6;[];15;NCBI35:63586041-63586041;GRCh37.p13:65798988-65798988;GRCh38.p12:65506650-65506650
193349;nsv88213;['insertion'];nssv106791;insertion;;;;nstd6;[];15;NCBI35:63522886-63522886;GRCh37.p13:65735833-65735833;GRCh38.p12:65443495-65443495
193218;nsv88082;['insertion'];nssv106660;insertion;;;;nstd6;[];15;NCBI35:63568823-63568823;GRCh37.p13:65781770-65781770;GRCh38.p12:65489432-65489432
