dbSNP variant id;allele;variation type;functional consequence;Chr;assembly1;assembly2;PMID;title;author
rs1462791642;SEQ=[A/-/AA/AAA];delins;intron_variant/genic_upstream_transcript_variant;15;GRCh37-15:65795016;GRCh38-15:65502678;;;
rs1389580174;SEQ=[T/-/TT/TTT];delins;intron_variant;15;GRCh37-15:65747170;GRCh38-15:65454832;;;
rs1303906148;SEQ=[TTTTT/-/TT];delins;intron_variant;15;GRCh37-15:65750603;GRCh38-15:65458265;;;
rs1280700064;SEQ=[TTTTTTTTTT/-/TTTTT/TTTTTTT/TTTTTTTT/TTTTTTTTT/TTTTTTTTTTT/TTTTTTTTTTTT/TTTTTTTTTTTTT];delins;intron_variant;15;GRCh37-15:65757908;GRCh38-15:65465570;;;
rs1264879735;SEQ=[AA/-/A/AAA/AAAA/AAAAA/AAAAAA/AAAAAAAA];delins;intron_variant;15;GRCh37-15:65765664;GRCh38-15:65473326;;;
rs1232307952;SEQ=[AA/-/A/AAA/AAAA/AAAAA];delins;genic_downstream_transcript_variant/3_prime_UTR_variant/non_coding_transcript_variant;15;GRCh37-15:65735832;GRCh38-15:65443494;;;
rs1033698759;SEQ=[TTTTTTTTTT/-/TTTTT/TTTTTTT/TTTTTTTT/TTTTTTTTT/TTTTTTTTTTT/TTTTTTTTTTTT/TTTTTTTTTTTTT];delins;intron_variant;15;GRCh37-15:65757908;GRCh38-15:65465570;;;
rs1006856325;SEQ=[TTTTTTTTTT/-/TTTTT/TTTTTTT/TTTTTTTT/TTTTTTTTT/TTTTTTTTTTT/TTTTTTTTTTTT/TTTTTTTTTTTTT];delins;intron_variant;15;GRCh37-15:65757908;GRCh38-15:65465570;;;
rs923480095;SEQ=[CACA/-/CA/CACACA/CACACACA];delins;intron_variant;15;GRCh37-15:65745771;GRCh38-15:65453433;;;
rs908636300;SEQ=[TTTTT/-/TT];delins;intron_variant;15;GRCh37-15:65750603;GRCh38-15:65458265;;;
rs796240990;SEQ=[CACA/-/CA/CACACA/CACACACA];delins;intron_variant;15;GRCh37-15:65745771;GRCh38-15:65453433;;;
rs574732255;SEQ=[AA/-/A/AAA/AAAA/AAAAA/AAAAAA/AAAAAAAA];delins;intron_variant;15;GRCh37-15:65765664;GRCh38-15:65473326;;;
rs568091240;SEQ=[A/G];snv;genic_upstream_transcript_variant/intron_variant;15;GRCh37-15:65795089;GRCh38-15:65502751;;;
rs561300390;SEQ=[G/T];snv;intron_variant;15;GRCh37-15:65767933;GRCh38-15:65475595;;;
rs558280770;SEQ=[A/C];snv;genic_upstream_transcript_variant/intron_variant;15;GRCh37-15:65791400;GRCh38-15:65499062;;;
rs556724106;SEQ=[TTTTTTTTTT/-/TTTTT/TTTTTTT/TTTTTTTT/TTTTTTTTT/TTTTTTTTTTT/TTTTTTTTTTTT/TTTTTTTTTTTTT];delins;intron_variant;15;GRCh37-15:65757908;GRCh38-15:65465570;;;
rs552456229;SEQ=[A/G/T];snv;intron_variant;15;GRCh37-15:65754255;GRCh38-15:65461917;;;
rs534673526;SEQ=[A/-/AA/AAA];delins;intron_variant/genic_upstream_transcript_variant;15;GRCh37-15:65795016;GRCh38-15:65502678;;;
rs532047005;SEQ=[CACA/-/CA/CACACA/CACACACA];delins;intron_variant;15;GRCh37-15:65745771;GRCh38-15:65453433;;;
rs398057762;SEQ=[AA/-/A/AAA/AAAA/AAAAA];delins;genic_downstream_transcript_variant/3_prime_UTR_variant/non_coding_transcript_variant;15;GRCh37-15:65735832;GRCh38-15:65443494;;;
rs397973029;SEQ=[CACA/-/CA/CACACA/CACACACA];delins;intron_variant;15;GRCh37-15:65745771;GRCh38-15:65453433;;;
rs386608158;SEQ=[C/A];snv;intron_variant/genic_upstream_transcript_variant;15;GRCh37-15:65801254;GRCh38-15:65508916;;;
rs386583415;SEQ=[T/G];snv;intron_variant/genic_upstream_transcript_variant;15;GRCh37-15:65800210;GRCh38-15:65507872;;;
rs386583411;SEQ=[C/A/T];snv;intron_variant/genic_upstream_transcript_variant;15;GRCh37-15:65804213;GRCh38-15:65511875;;;
rs386583409;SEQ=[C/T];snv;intron_variant/genic_upstream_transcript_variant;15;GRCh37-15:65806091;GRCh38-15:65513753;;;
rs375519365;SEQ=[-/ATTGCAC];delins;intron_variant;15;GRCh37-15:65761950;GRCh38-15:65469611;;;
rs374236722;SEQ=[TTTTT/-/TT];delins;intron_variant;15;GRCh37-15:65750603;GRCh38-15:65458265;;;
rs372853576;SEQ=[GAAAT/-];delins;intron_variant/genic_upstream_transcript_variant;15;GRCh37-15:65779359;GRCh38-15:65487021;;;
rs200777767;SEQ=[A/-/AA/AAA];delins;intron_variant/genic_upstream_transcript_variant;15;GRCh37-15:65795016;GRCh38-15:65502678;;;
rs199860206;SEQ=[-/TGGAGACTGGG];delins;upstream_transcript_variant;15;GRCh37-15:65810152;GRCh38-15:65517813;;;
rs199727326;SEQ=[CCCTTA/-];delins;intron_variant;15;GRCh37-15:65761684;GRCh38-15:65469346;;;
rs199568111;SEQ=[TATT/-];delins;intron_variant/genic_upstream_transcript_variant;15;GRCh37-15:65795955;GRCh38-15:65503617;;;
rs193087735;SEQ=[C/A];snv;upstream_transcript_variant/intron_variant/genic_upstream_transcript_variant;15;GRCh37-15:65784208;GRCh38-15:65491870;;;
rs183281568;SEQ=[C/T];snv;intron_variant/genic_upstream_transcript_variant;15;GRCh37-15:65796490;GRCh38-15:65504152;;;
rs150933386;SEQ=[A/G];snv;intron_variant;15;GRCh37-15:65766292;GRCh38-15:65473954;;;
rs150649020;SEQ=[T/G];snv;intron_variant/genic_upstream_transcript_variant;15;GRCh37-15:65798584;GRCh38-15:65506246;;;
rs150645129;SEQ=[-/T];delins;intron_variant;15;GRCh37-15:65767302;GRCh38-15:65474963;;;
rs150285981;SEQ=[G/A];snv;intron_variant;15;GRCh37-15:65746430;GRCh38-15:65454092;;;
rs150025963;SEQ=[G/A];snv;upstream_transcript_variant;15;GRCh37-15:65810175;GRCh38-15:65517837;;;
rs149971675;SEQ=[ACA/-];delins;intron_variant/genic_upstream_transcript_variant;15;GRCh37-15:65801671;GRCh38-15:65509333;;;
rs149618856;SEQ=[-/AGT];delins;intron_variant;15;GRCh37-15:65744239;GRCh38-15:65451900;;;
rs149588993;SEQ=[G/A];snv;intron_variant/genic_upstream_transcript_variant;15;GRCh37-15:65796642;GRCh38-15:65504304;;;
rs148948226;SEQ=[C/T];snv;upstream_transcript_variant/intron_variant/genic_upstream_transcript_variant;15;GRCh37-15:65784224;GRCh38-15:65491886;;;
rs148935460;SEQ=[-/T/TAT/TATATATAT];ins;intron_variant/genic_upstream_transcript_variant;15;GRCh37-15:65798988;GRCh38-15:65506649;;;
rs148575701;SEQ=[C/T];snv;intron_variant;15;GRCh37-15:65749463;GRCh38-15:65457125;;;
rs148455421;SEQ=[A/G];snv;intron_variant;15;GRCh37-15:65759743;GRCh38-15:65467405;;;
rs147778563;SEQ=[C/-];del;intron_variant/genic_upstream_transcript_variant;15;GRCh37-15:65777973;GRCh38-15:65485635;;;
rs147605445;SEQ=[C/A/G/T];snv;intron_variant/genic_upstream_transcript_variant;15;GRCh37-15:65791398;GRCh38-15:65499060;;;
rs147391283;SEQ=[C/G];snv;genic_upstream_transcript_variant/5_prime_UTR_variant/upstream_transcript_variant/non_coding_transcript_variant;15;GRCh37-15:65810007;GRCh38-15:65517669;;;
rs146921814;SEQ=[GAAAT/-];delins;intron_variant/genic_upstream_transcript_variant;15;GRCh37-15:65779359;GRCh38-15:65487021;;;
rs146654645;SEQ=[G/A];snv;intron_variant;15;GRCh37-15:65761471;GRCh38-15:65469133;;;
rs146342978;SEQ=[C/T];snv;intron_variant;15;GRCh37-15:65770121;GRCh38-15:65477783;;;
rs146315273;SEQ=[TTTTT/-/TT];delins;intron_variant;15;GRCh37-15:65750603;GRCh38-15:65458265;;;
rs146269890;SEQ=[C/T];snv;intron_variant;15;GRCh37-15:65770706;GRCh38-15:65478368;;;
rs146218479;SEQ=[AA/-/A/AAA/AAAA/AAAAA];delins;genic_downstream_transcript_variant/3_prime_UTR_variant/non_coding_transcript_variant;15;GRCh37-15:65735832;GRCh38-15:65443494;;;
rs146114092;SEQ=[A/G];snv;intron_variant/genic_upstream_transcript_variant;15;GRCh37-15:65790438;GRCh38-15:65498100;;;
rs145443379;SEQ=[G/C];snv;intron_variant/genic_upstream_transcript_variant;15;GRCh37-15:65800977;GRCh38-15:65508639;;;
rs145340349;SEQ=[T/C];snv;intron_variant/genic_upstream_transcript_variant;15;GRCh37-15:65789423;GRCh38-15:65497085;;;
rs145313897;SEQ=[C/T];snv;genic_upstream_transcript_variant/intron_variant/upstream_transcript_variant;15;GRCh37-15:65775200;GRCh38-15:65482862;;;
rs145199895;SEQ=[T/C];snv;intron_variant;15;GRCh37-15:65745443;GRCh38-15:65453105;;;
rs144978217;SEQ=[-/ATTGCAC];delins;intron_variant;15;GRCh37-15:65761950;GRCh38-15:65469611;;;
rs144939516;SEQ=[A/G];snv;intron_variant/genic_upstream_transcript_variant;15;GRCh37-15:65806347;GRCh38-15:65514009;;;
rs144530655;SEQ=[T/C];snv;intron_variant/genic_upstream_transcript_variant;15;GRCh37-15:65779117;GRCh38-15:65486779;;;
rs144248686;SEQ=[G/A];snv;genic_upstream_transcript_variant/intron_variant/upstream_transcript_variant;15;GRCh37-15:65774370;GRCh38-15:65482032;;;
rs143327271;SEQ=[T/-/TT/TTT];delins;intron_variant;15;GRCh37-15:65747170;GRCh38-15:65454832;;;
rs143285819;SEQ=[C/G];snv;intron_variant/genic_upstream_transcript_variant;15;GRCh37-15:65803508;GRCh38-15:65511170;;;
rs143277385;SEQ=[C/T];snv;intron_variant/genic_upstream_transcript_variant;15;GRCh37-15:65779745;GRCh38-15:65487407;;;
rs143050071;SEQ=[T/G];snv;intron_variant/genic_upstream_transcript_variant;15;GRCh37-15:65796293;GRCh38-15:65503955;;;
rs142532202;SEQ=[C/T];snv;intron_variant;15;GRCh37-15:65766268;GRCh38-15:65473930;;;
rs141382225;SEQ=[C/A/T];snv;intron_variant;15;GRCh37-15:65741051;GRCh38-15:65448713;;;
rs141277247;SEQ=[T/-];delins;intron_variant;15;GRCh37-15:65739567;GRCh38-15:65447229;;;
rs141144643;SEQ=[T/C];snv;intron_variant;15;GRCh37-15:65746412;GRCh38-15:65454074;;;
rs140273397;SEQ=[TCAACA/-];del;intron_variant/genic_upstream_transcript_variant;15;GRCh37-15:65778974;GRCh38-15:65486636;;;
rs140160070;SEQ=[C/G/T];snv;intron_variant/genic_upstream_transcript_variant;15;GRCh37-15:65786784;GRCh38-15:65494446;;;
rs139947363;SEQ=[C/A];snv;intron_variant/genic_upstream_transcript_variant;15;GRCh37-15:65800537;GRCh38-15:65508199;;;
rs139893027;SEQ=[C/T];snv;intron_variant;15;GRCh37-15:65758751;GRCh38-15:65466413;;;
rs139283067;SEQ=[G/A];snv;intron_variant/genic_upstream_transcript_variant;15;GRCh37-15:65796443;GRCh38-15:65504105;;;
rs139170632;SEQ=[AA/-/A/AAA/AAAA/AAAAA];delins;genic_downstream_transcript_variant/3_prime_UTR_variant/non_coding_transcript_variant;15;GRCh37-15:65735832;GRCh38-15:65443494;;;
rs138825157;SEQ=[C/T];snv;intron_variant/genic_upstream_transcript_variant;15;GRCh37-15:65807137;GRCh38-15:65514799;;;
rs138823128;SEQ=[A/T];snv;3_prime_UTR_variant/genic_downstream_transcript_variant/non_coding_transcript_variant;15;GRCh37-15:65735386;GRCh38-15:65443048;;;
rs138370299;SEQ=[-/T/TCTGTGCACTTAAATGACAGTTGAAT];ins;intron_variant/genic_upstream_transcript_variant;15;GRCh37-15:65782452;GRCh38-15:65490113;;;
rs138305134;SEQ=[G/A/C];snv;intron_variant/genic_upstream_transcript_variant;15;GRCh37-15:65793497;GRCh38-15:65501159;;;
rs138216385;SEQ=[C/T];snv;intron_variant/genic_upstream_transcript_variant;15;GRCh37-15:65775901;GRCh38-15:65483563;;;
rs138079213;SEQ=[G/A/T];snv;intron_variant;15;GRCh37-15:65745649;GRCh38-15:65453311;;;
rs137885667;SEQ=[G/A];snv;intron_variant/genic_upstream_transcript_variant/upstream_transcript_variant;15;GRCh37-15:65782040;GRCh38-15:65489702;;;
rs118050083;SEQ=[C/A/T];snv;intron_variant;15;GRCh37-15:65770164;GRCh38-15:65477826;;;
rs117680650;SEQ=[C/T];snv;intron_variant/genic_upstream_transcript_variant;15;GRCh37-15:65806469;GRCh38-15:65514131;;;
rs117156444;SEQ=[T/C];snv;intron_variant;15;GRCh37-15:65745770;GRCh38-15:65453432;;;
rs116877844;SEQ=[C/A/T];snv;coding_sequence_variant/synonymous_variant/3_prime_UTR_variant/non_coding_transcript_variant;15;GRCh37-15:65739303;GRCh38-15:65446965;;;
rs116808836;SEQ=[A/G];snv;intron_variant/genic_upstream_transcript_variant/non_coding_transcript_variant/5_prime_UTR_variant;15;GRCh37-15:65808034;GRCh38-15:65515696;;;
rs116552239;SEQ=[C/T];snv;intron_variant/genic_upstream_transcript_variant;15;GRCh37-15:65806149;GRCh38-15:65513811;;;
rs116479252;SEQ=[G/A];snv;intron_variant/genic_upstream_transcript_variant;15;GRCh37-15:65796397;GRCh38-15:65504059;;;
rs116250399;SEQ=[C/T];snv;intron_variant/genic_upstream_transcript_variant;15;GRCh37-15:65800916;GRCh38-15:65508578;;;
rs116152077;SEQ=[C/T];snv;intron_variant/genic_upstream_transcript_variant;15;GRCh37-15:65796557;GRCh38-15:65504219;;;
rs115612979;SEQ=[C/T];snv;intron_variant/genic_upstream_transcript_variant;15;GRCh37-15:65796399;GRCh38-15:65504061;;;
rs115499592;SEQ=[G/A];snv;intron_variant/genic_upstream_transcript_variant;15;GRCh37-15:65789521;GRCh38-15:65497183;;;
rs115430021;SEQ=[C/T];snv;intron_variant/genic_upstream_transcript_variant;15;GRCh37-15:65789850;GRCh38-15:65497512;;;
rs114949851;SEQ=[T/C];snv;intron_variant/genic_upstream_transcript_variant;15;GRCh37-15:65799779;GRCh38-15:65507441;;;
rs114911930;SEQ=[T/C/G];snv;intron_variant/genic_upstream_transcript_variant/non_coding_transcript_variant/5_prime_UTR_variant;15;GRCh37-15:65808046;GRCh38-15:65515708;;;
rs114788029;SEQ=[G/A];snv;intron_variant/genic_upstream_transcript_variant;15;GRCh37-15:65777202;GRCh38-15:65484864;;;
rs114595712;SEQ=[T/A];snv;intron_variant;15;GRCh37-15:65740564;GRCh38-15:65448226;;;
rs114590362;SEQ=[C/T];snv;downstream_transcript_variant;15;GRCh37-15:65734481;GRCh38-15:65442143;;;
rs114257233;SEQ=[T/A];snv;upstream_transcript_variant;15;GRCh37-15:65811691;GRCh38-15:65519353;;;
rs114242275;SEQ=[G/C/T];snv;intron_variant/genic_upstream_transcript_variant;15;GRCh37-15:65784607;GRCh38-15:65492269;;;
rs114178009;SEQ=[A/G];snv;3_prime_UTR_variant/genic_downstream_transcript_variant/non_coding_transcript_variant;15;GRCh37-15:65738331;GRCh38-15:65445993;;;
rs114135120;SEQ=[G/A];snv;intron_variant;15;GRCh37-15:65746942;GRCh38-15:65454604;;;
rs113918700;SEQ=[T/A];snv;intron_variant;15;GRCh37-15:65742314;GRCh38-15:65449976;;;
rs113069440;SEQ=[G/C];snv;intron_variant/genic_upstream_transcript_variant/upstream_transcript_variant;15;GRCh37-15:65781343;GRCh38-15:65489005;;;
rs112464287;SEQ=[T/C/G];snv;intron_variant/genic_upstream_transcript_variant;15;GRCh37-15:65803128;GRCh38-15:65510790;;;
rs111551214;SEQ=[C/A];snv;intron_variant;15;GRCh37-15:65755679;GRCh38-15:65463341;;;
rs80129848;SEQ=[G/A];snv;intron_variant;15;GRCh37-15:65769314;GRCh38-15:65476976;;;
rs79730739;SEQ=[C/T];snv;intron_variant;15;GRCh37-15:65742978;GRCh38-15:65450640;;;
rs78718018;SEQ=[G/A/T];snv;intron_variant;15;GRCh37-15:65740526;GRCh38-15:65448188;;;
rs78660811;SEQ=[T/C];snv;intron_variant;15;GRCh37-15:65771545;GRCh38-15:65479207;;;
rs78598644;SEQ=[C/T];snv;intron_variant;15;GRCh37-15:65753393;GRCh38-15:65461055;;;
rs78187849;SEQ=[T/C];snv;intron_variant;15;GRCh37-15:65762416;GRCh38-15:65470078;;;
rs78122233;SEQ=[G/A/C];snv;intron_variant/genic_upstream_transcript_variant/upstream_transcript_variant;15;GRCh37-15:65781291;GRCh38-15:65488953;;;
rs77620946;SEQ=[AA/-/A/AAA/AAAA/AAAAA];delins;genic_downstream_transcript_variant/3_prime_UTR_variant/non_coding_transcript_variant;15;GRCh37-15:65735832;GRCh38-15:65443494;;;
rs77440137;SEQ=[A/G];snv;intron_variant/genic_upstream_transcript_variant/upstream_transcript_variant;15;GRCh37-15:65782981;GRCh38-15:65490643;;;
rs77365136;SEQ=[C/T];snv;intron_variant;15;GRCh37-15:65759620;GRCh38-15:65467282;;;
rs77195983;SEQ=[A/G];snv;upstream_transcript_variant;15;GRCh37-15:65811088;GRCh38-15:65518750;;;
rs77141518;SEQ=[T/C];snv;3_prime_UTR_variant/genic_downstream_transcript_variant/non_coding_transcript_variant;15;GRCh37-15:65736605;GRCh38-15:65444267;;;
rs77021556;SEQ=[G/A/T];snv;intron_variant/genic_upstream_transcript_variant/upstream_transcript_variant/non_coding_transcript_variant;15;GRCh37-15:65809642;GRCh38-15:65517304;;;
rs77019915;SEQ=[T/C];snv;intron_variant;15;GRCh37-15:65750593;GRCh38-15:65458255;;;
rs76652957;SEQ=[T/A];snv;intron_variant;15;GRCh37-15:65754254;GRCh38-15:65461916;;;
rs76091397;SEQ=[A/G];snv;intron_variant/genic_upstream_transcript_variant;15;GRCh37-15:65795434;GRCh38-15:65503096;;;
rs75506364;SEQ=[T/C];snv;intron_variant/genic_upstream_transcript_variant/upstream_transcript_variant;15;GRCh37-15:65808813;GRCh38-15:65516475;;;
rs75220880;SEQ=[C/T];snv;genic_upstream_transcript_variant/upstream_transcript_variant/non_coding_transcript_variant/5_prime_UTR_variant;15;GRCh37-15:65809918;GRCh38-15:65517580;;;
rs75156244;SEQ=[G/C];snv;intron_variant/genic_upstream_transcript_variant/non_coding_transcript_variant/5_prime_UTR_variant;15;GRCh37-15:65808387;GRCh38-15:65516049;;;
rs74939546;SEQ=[T/C];snv;intron_variant;15;GRCh37-15:65743301;GRCh38-15:65450963;;;
rs74718834;SEQ=[T/C];snv;intron_variant/genic_upstream_transcript_variant/upstream_transcript_variant;15;GRCh37-15:65808910;GRCh38-15:65516572;;;
rs74718703;SEQ=[T/G];snv;intron_variant;15;GRCh37-15:65742271;GRCh38-15:65449933;;;
rs74478299;SEQ=[T/G];snv;intron_variant;15;GRCh37-15:65755257;GRCh38-15:65462919;;;
rs72741403;SEQ=[G/A];snv;intron_variant/genic_upstream_transcript_variant/upstream_transcript_variant;15;GRCh37-15:65809361;GRCh38-15:65517023;;;
rs72739469;SEQ=[T/C];snv;3_prime_UTR_variant/genic_downstream_transcript_variant/non_coding_transcript_variant;15;GRCh37-15:65738080;GRCh38-15:65445742;;;
rs72139241;SEQ=[AA/-/A/AAA/AAAA/AAAAA];delins;genic_downstream_transcript_variant/3_prime_UTR_variant/non_coding_transcript_variant;15;GRCh37-15:65735832;GRCh38-15:65443494;;;
rs67739330;SEQ=[C/A/G/T];snv;intron_variant/genic_upstream_transcript_variant/upstream_transcript_variant;15;GRCh37-15:65784244;GRCh38-15:65491906;;;
rs67739329;SEQ=[C/A/G/T];snv;intron_variant/genic_upstream_transcript_variant/upstream_transcript_variant;15;GRCh37-15:65784244;GRCh38-15:65491906;;;
rs62015043;SEQ=[G/A];snv;intron_variant/genic_upstream_transcript_variant;15;GRCh37-15:65776433;GRCh38-15:65484095;;;
rs62015041;SEQ=[G/A/C];snv;intron_variant;15;GRCh37-15:65764325;GRCh38-15:65471987;;;
rs62015039;SEQ=[G/A];snv;downstream_transcript_variant;15;GRCh37-15:65734327;GRCh38-15:65441989;;;
rs62013077;SEQ=[C/G];snv;intron_variant/genic_upstream_transcript_variant;15;GRCh37-15:65797151;GRCh38-15:65504813;;;
rs61392908;SEQ=[G/A];snv;intron_variant/genic_upstream_transcript_variant;15;GRCh37-15:65788608;GRCh38-15:65496270;;;
rs61332019;SEQ=[G/A];snv;intron_variant/genic_upstream_transcript_variant;15;GRCh37-15:65798398;GRCh38-15:65506060;;;
rs61325710;SEQ=[A/T];snv;intron_variant/genic_upstream_transcript_variant;15;GRCh37-15:65806010;GRCh38-15:65513672;;;
rs61309969;SEQ=[C/T];snv;intron_variant/genic_upstream_transcript_variant;15;GRCh37-15:65806091;GRCh38-15:65513753;;;
rs61261367;SEQ=[T/G];snv;intron_variant/genic_upstream_transcript_variant;15;GRCh37-15:65802179;GRCh38-15:65509841;;;
rs61177559;SEQ=[A/G];snv;intron_variant/genic_upstream_transcript_variant;15;GRCh37-15:65790621;GRCh38-15:65498283;;;
rs61026516;SEQ=[G/A];snv;genic_downstream_transcript_variant/3_prime_UTR_variant/non_coding_transcript_variant;15;GRCh37-15:65735181;GRCh38-15:65442843;;;
rs60937637;SEQ=[T/C];snv;intron_variant/genic_upstream_transcript_variant;15;GRCh37-15:65789726;GRCh38-15:65497388;;;
rs60901264;SEQ=[TCAACA/-];del;intron_variant/genic_upstream_transcript_variant;15;GRCh37-15:65778974;GRCh38-15:65486636;;;
rs60719981;SEQ=[-/T/TAT/TATATATAT];ins;intron_variant/genic_upstream_transcript_variant;15;GRCh37-15:65798988;GRCh38-15:65506649;;;
rs60583942;SEQ=[A/T];snv;intron_variant;15;GRCh37-15:65755924;GRCh38-15:65463586;;;
rs60277504;SEQ=[C/T];snv;upstream_transcript_variant;15;GRCh37-15:65811179;GRCh38-15:65518841;;;
rs60193002;SEQ=[A/G];snv;intron_variant/genic_upstream_transcript_variant/upstream_transcript_variant;15;GRCh37-15:65783389;GRCh38-15:65491051;;;
rs60062953;SEQ=[-/T/TCTGTGCACTTAAATGACAGTTGAAT];ins;intron_variant/genic_upstream_transcript_variant;15;GRCh37-15:65782452;GRCh38-15:65490113;;;
rs59881094;SEQ=[A/G/T];snv;intron_variant/genic_upstream_transcript_variant;15;GRCh37-15:65804537;GRCh38-15:65512199;;;
rs59839195;SEQ=[A/T];snv;intron_variant;15;GRCh37-15:65742312;GRCh38-15:65449974;;;
rs59723898;SEQ=[A/C];snv;intron_variant/genic_upstream_transcript_variant;15;GRCh37-15:65784833;GRCh38-15:65492495;;;
rs59609795;SEQ=[C/A/T];snv;intron_variant;15;GRCh37-15:65755973;GRCh38-15:65463635;;;
rs59359124;SEQ=[T/G];snv;intron_variant/genic_upstream_transcript_variant;15;GRCh37-15:65800210;GRCh38-15:65507872;;;
rs59352968;SEQ=[G/A];snv;intron_variant;15;GRCh37-15:65758870;GRCh38-15:65466532;;;
rs59032139;SEQ=[G/A];snv;intron_variant;15;GRCh37-15:65754995;GRCh38-15:65462657;;;
rs58891728;SEQ=[G/T];snv;intron_variant/genic_upstream_transcript_variant/upstream_transcript_variant;15;GRCh37-15:65784107;GRCh38-15:65491769;;;
rs58785494;SEQ=[A/C/G/T];snv;intron_variant/genic_upstream_transcript_variant;15;GRCh37-15:65787707;GRCh38-15:65495369;;;
rs58613116;SEQ=[G/A];snv;intron_variant;15;GRCh37-15:65766180;GRCh38-15:65473842;;;
rs58506591;SEQ=[A/G];snv;intron_variant;15;GRCh37-15:65739487;GRCh38-15:65447149;;;
rs58397202;SEQ=[G/C];snv;intron_variant;15;GRCh37-15:65769211;GRCh38-15:65476873;;;
rs58358529;SEQ=[A/T];snv;intron_variant/genic_upstream_transcript_variant;15;GRCh37-15:65806010;GRCh38-15:65513672;;;
rs58232992;SEQ=[T/C];snv;intron_variant/genic_upstream_transcript_variant;15;GRCh37-15:65805662;GRCh38-15:65513324;;;
rs57892549;SEQ=[A/C/G/T];snv;intron_variant/genic_upstream_transcript_variant;15;GRCh37-15:65791772;GRCh38-15:65499434;;;
rs57840837;SEQ=[A/C/G];snv;intron_variant/genic_upstream_transcript_variant/upstream_transcript_variant;15;GRCh37-15:65781446;GRCh38-15:65489108;;;
rs57712598;SEQ=[T/C];snv;intron_variant/genic_upstream_transcript_variant;15;GRCh37-15:65801863;GRCh38-15:65509525;;;
rs57151081;SEQ=[T/C/G];snv;intron_variant/genic_upstream_transcript_variant;15;GRCh37-15:65785666;GRCh38-15:65493328;;;
rs56525171;SEQ=[G/C];snv;intron_variant;15;GRCh37-15:65769211;GRCh38-15:65476873;;;
rs55770518;SEQ=[C/T];snv;intron_variant;15;GRCh37-15:65759774;GRCh38-15:65467436;;;
rs34191727;SEQ=[AA/-/A/AAA/AAAA/AAAAA];delins;genic_downstream_transcript_variant/3_prime_UTR_variant/non_coding_transcript_variant;15;GRCh37-15:65735832;GRCh38-15:65443494;;;
rs34172956;SEQ=[AA/-/A/AAA/AAAA/AAAAA];delins;genic_downstream_transcript_variant/3_prime_UTR_variant/non_coding_transcript_variant;15;GRCh37-15:65735832;GRCh38-15:65443494;;;
rs28695666;SEQ=[G/A];snv;downstream_transcript_variant;15;GRCh37-15:65734428;GRCh38-15:65442090;;;
rs17807922;SEQ=[C/A/T];snv;intron_variant;15;GRCh37-15:65755973;GRCh38-15:65463635;;;
rs17376507;SEQ=[A/C];snv;intron_variant/genic_upstream_transcript_variant;15;GRCh37-15:65795596;GRCh38-15:65503258;;;
rs16948788;SEQ=[A/C/G];snv;intron_variant/genic_upstream_transcript_variant;15;GRCh37-15:65806576;GRCh38-15:65514238;;;
rs16948777;SEQ=[A/G];snv;intron_variant/genic_upstream_transcript_variant;15;GRCh37-15:65790090;GRCh38-15:65497752;;;
rs12595213;SEQ=[C/A/T];snv;intron_variant;15;GRCh37-15:65755973;GRCh38-15:65463635;;;
rs11635470;SEQ=[G/T];snv;intron_variant;15;GRCh37-15:65754111;GRCh38-15:65461773;;;
rs11631575;SEQ=[C/T];snv;intron_variant/genic_upstream_transcript_variant;15;GRCh37-15:65806256;GRCh38-15:65513918;;;
rs11437977;SEQ=[AA/-/A/AAA/AAAA/AAAAA];delins;genic_downstream_transcript_variant/3_prime_UTR_variant/non_coding_transcript_variant;15;GRCh37-15:65735832;GRCh38-15:65443494;;;
rs11413806;SEQ=[-/T/TAT/TATATATAT];ins;intron_variant/genic_upstream_transcript_variant;15;GRCh37-15:65798988;GRCh38-15:65506649;;;
rs11406337;SEQ=[AA/-/A/AAA/AAAA/AAAAA];delins;genic_downstream_transcript_variant/3_prime_UTR_variant/non_coding_transcript_variant;15;GRCh37-15:65735832;GRCh38-15:65443494;;;
rs11071845;SEQ=[G/A];snv;intron_variant/genic_upstream_transcript_variant;15;GRCh37-15:65788608;GRCh38-15:65496270;;;
rs9744304;SEQ=[G/A/C];snv;intron_variant;15;GRCh37-15:65762773;GRCh38-15:65470435;;;
rs8042541;SEQ=[T/C];snv;intron_variant/genic_upstream_transcript_variant/upstream_transcript_variant;15;GRCh37-15:65808452;GRCh38-15:65516114;;;
rs8039978;SEQ=[C/T];snv;upstream_transcript_variant;15;GRCh37-15:65811179;GRCh38-15:65518841;;;
rs8034057;SEQ=[G/A/C];snv;intron_variant/genic_upstream_transcript_variant;15;GRCh37-15:65789430;GRCh38-15:65497092;;;
rs8029828;SEQ=[A/C];snv;intron_variant/genic_upstream_transcript_variant;15;GRCh37-15:65784833;GRCh38-15:65492495;;;
rs7181807;SEQ=[C/A];snv;intron_variant/genic_upstream_transcript_variant;15;GRCh37-15:65801254;GRCh38-15:65508916;;;
rs7181638;SEQ=[A/T];snv;intron_variant/genic_upstream_transcript_variant;15;GRCh37-15:65801255;GRCh38-15:65508917;;;
rs7179665;SEQ=[A/C/G/T];snv;intron_variant/genic_upstream_transcript_variant;15;GRCh37-15:65791772;GRCh38-15:65499434;;;
rs7178585;SEQ=[T/C];snv;intron_variant/genic_upstream_transcript_variant;15;GRCh37-15:65795203;GRCh38-15:65502865;;;
rs7178317;SEQ=[C/G];snv;intron_variant;15;GRCh37-15:65744010;GRCh38-15:65451672;;;
rs7178215;SEQ=[T/A/C];snv;intron_variant/genic_upstream_transcript_variant;15;GRCh37-15:65794982;GRCh38-15:65502644;;;
rs7178060;SEQ=[A/G];snv;genic_downstream_transcript_variant/3_prime_UTR_variant/non_coding_transcript_variant;15;GRCh37-15:65735497;GRCh38-15:65443159;;;
rs7169043;SEQ=[T/C];snv;intron_variant;15;GRCh37-15:65767195;GRCh38-15:65474857;;;
rs7166973;SEQ=[A/C];snv;intron_variant;15;GRCh37-15:65766893;GRCh38-15:65474555;;;
rs7166386;SEQ=[T/C];snv;intron_variant/genic_upstream_transcript_variant;15;GRCh37-15:65801863;GRCh38-15:65509525;;;
rs4776687;SEQ=[A/C];snv;intron_variant/genic_upstream_transcript_variant;15;GRCh37-15:65795596;GRCh38-15:65503258;;;
rs4492993;SEQ=[C/T];snv;intron_variant;15;GRCh37-15:65761343;GRCh38-15:65469005;;;
rs4270121;SEQ=[G/A];snv;intron_variant/genic_upstream_transcript_variant;15;GRCh37-15:65792048;GRCh38-15:65499710;;;
rs3169061;SEQ=[G/A];snv;genic_downstream_transcript_variant/3_prime_UTR_variant/non_coding_transcript_variant;15;GRCh37-15:65735181;GRCh38-15:65442843;;;
rs2456012;SEQ=[A/T];snv;intron_variant;15;GRCh37-15:65769760;GRCh38-15:65477422;;;
rs2456008;SEQ=[A/C/G/T];snv;intron_variant/genic_upstream_transcript_variant;15;GRCh37-15:65787707;GRCh38-15:65495369;;;
rs2456005;SEQ=[G/A];snv;intron_variant/genic_upstream_transcript_variant/upstream_transcript_variant;15;GRCh37-15:65780988;GRCh38-15:65488650;;;
rs2437052;SEQ=[A/C/G];snv;intron_variant/genic_upstream_transcript_variant/upstream_transcript_variant;15;GRCh37-15:65781446;GRCh38-15:65489108;;;
rs2437051;SEQ=[C/A/T];snv;intron_variant;15;GRCh37-15:65770164;GRCh38-15:65477826;;;
rs1816482;SEQ=[T/C/G];snv;intron_variant/genic_upstream_transcript_variant;15;GRCh37-15:65785666;GRCh38-15:65493328;;;
rs1212771;SEQ=[A/G];snv;intron_variant/genic_upstream_transcript_variant;15;GRCh37-15:65778364;GRCh38-15:65486026;;;
rs1194979;SEQ=[T/A/C/G];snv;intron_variant/genic_upstream_transcript_variant;15;GRCh37-15:65778516;GRCh38-15:65486178;;;
rs1093219;SEQ=[A/G];snv;intron_variant/genic_upstream_transcript_variant;15;GRCh37-15:65798477;GRCh38-15:65506139;;;
rs920000;SEQ=[T/C];snv;intron_variant;15;GRCh37-15:65758443;GRCh38-15:65466105;;;
rs681881;SEQ=[T/G];snv;intron_variant/genic_upstream_transcript_variant;15;GRCh37-15:65776111;GRCh38-15:65483773;;;
rs651792;SEQ=[G/T];snv;intron_variant;15;GRCh37-15:65749712;GRCh38-15:65457374;;;
rs647450;SEQ=[G/A];snv;intron_variant;15;GRCh37-15:65754995;GRCh38-15:65462657;;;
rs630894;SEQ=[A/T];snv;intron_variant/genic_upstream_transcript_variant;15;GRCh37-15:65806010;GRCh38-15:65513672;;;
rs613892;SEQ=[T/C];snv;intron_variant;15;GRCh37-15:65743618;GRCh38-15:65451280;;;
rs600663;SEQ=[G/A];snv;intron_variant;15;GRCh37-15:65743624;GRCh38-15:65451286;;;
rs600210;SEQ=[G/A];snv;intron_variant;15;GRCh37-15:65742909;GRCh38-15:65450571;;;
rs593544;SEQ=[G/A];snv;genic_downstream_transcript_variant/3_prime_UTR_variant/non_coding_transcript_variant;15;GRCh37-15:65735181;GRCh38-15:65442843;;;
rs588771;SEQ=[T/G];snv;intron_variant/genic_upstream_transcript_variant;15;GRCh37-15:65800210;GRCh38-15:65507872;;;
rs451282;SEQ=[A/G];snv;intron_variant/genic_upstream_transcript_variant/upstream_transcript_variant;15;GRCh37-15:65783389;GRCh38-15:65491051;;;
rs444701;SEQ=[C/G];snv;intron_variant;15;GRCh37-15:65773386;GRCh38-15:65481048;;;
rs434088;SEQ=[C/T];snv;intron_variant;15;GRCh37-15:65766421;GRCh38-15:65474083;;;
rs428906;SEQ=[G/C];snv;intron_variant;15;GRCh37-15:65768801;GRCh38-15:65476463;;;
rs415081;SEQ=[A/G];snv;intron_variant/genic_upstream_transcript_variant;15;GRCh37-15:65793377;GRCh38-15:65501039;;;
rs410380;SEQ=[T/C];snv;intron_variant/genic_upstream_transcript_variant;15;GRCh37-15:65789726;GRCh38-15:65497388;;;
rs392304;SEQ=[G/A];snv;intron_variant;15;GRCh37-15:65766180;GRCh38-15:65473842;;;
rs390696;SEQ=[A/G];snv;intron_variant/genic_upstream_transcript_variant;15;GRCh37-15:65790621;GRCh38-15:65498283;;;
rs387599;SEQ=[C/G];snv;intron_variant/genic_upstream_transcript_variant/upstream_transcript_variant;15;GRCh37-15:65783438;GRCh38-15:65491100;;;
rs386765;SEQ=[T/C];snv;intron_variant;15;GRCh37-15:65772135;GRCh38-15:65479797;;;
rs383615;SEQ=[T/C/G];snv;intron_variant/genic_upstream_transcript_variant;15;GRCh37-15:65785666;GRCh38-15:65493328;;;
rs379545;SEQ=[G/C];snv;intron_variant/genic_upstream_transcript_variant;15;GRCh37-15:65786292;GRCh38-15:65493954;;;
rs374004;SEQ=[T/A/C];snv;intron_variant/genic_upstream_transcript_variant;15;GRCh37-15:65786664;GRCh38-15:65494326;;;
rs373558;SEQ=[G/A/C];snv;intron_variant;15;GRCh37-15:65765646;GRCh38-15:65473308;;;
rs370103;SEQ=[G/C];snv;intron_variant/genic_upstream_transcript_variant/upstream_transcript_variant;15;GRCh37-15:65782061;GRCh38-15:65489723;;;
rs352482;SEQ=[A/G];snv;intron_variant/genic_upstream_transcript_variant;15;GRCh37-15:65798477;GRCh38-15:65506139;;;
rs352481;SEQ=[G/A];snv;intron_variant/genic_upstream_transcript_variant;15;GRCh37-15:65799970;GRCh38-15:65507632;;;
rs352480;SEQ=[T/G];snv;intron_variant/genic_upstream_transcript_variant;15;GRCh37-15:65800210;GRCh38-15:65507872;;;
rs352478;SEQ=[C/A/T];snv;intron_variant/genic_upstream_transcript_variant;15;GRCh37-15:65804213;GRCh38-15:65511875;;;
rs352477;SEQ=[A/G/T];snv;intron_variant/genic_upstream_transcript_variant;15;GRCh37-15:65804537;GRCh38-15:65512199;;;
rs352474;SEQ=[T/C];snv;intron_variant/genic_upstream_transcript_variant;15;GRCh37-15:65805662;GRCh38-15:65513324;;;
rs352473;SEQ=[A/T];snv;intron_variant/genic_upstream_transcript_variant;15;GRCh37-15:65806010;GRCh38-15:65513672;;;
