dbVar variant id;variant region id;type;variant call id;variant call type;sample id;zygosity;subject phenotype;study ID;clinical assertion;Chr;assembly1;assembly2;assembly3
50165518;nsv4623693;['copy number variation'];nssv16135162;deletion;;;;nstd183;[];15;GRCh37:65784283-65788535;GRCh38.p12:65491945-65496197;not applicable:X-X
49563152;nsv4429855;['copy number variation'];nssv15722827;copy number loss;;;;nstd174;[];15;GRCh37:65784153-65788583;GRCh38.p12:65491815-65496245;not applicable:X-X
49561847;nsv4428550;['copy number variation'];nssv15722828;copy number loss;;;;nstd174;[];15;GRCh37:65810201-65822252;GRCh38.p12:65517863-65529914;not applicable:X-X
49244759;nsv4251273;['copy number variation'];nssv15956763;duplication;;;;nstd166;[];15;GRCh37.p13:65741889-65742003;GRCh38.p12:65449551-65449665;not applicable:X-X
49241511;nsv4248025;['copy number variation'];nssv15825470;deletion;;;;nstd166;[];15;GRCh37.p13:65748944-65749223;GRCh38.p12:65456606-65456885;not applicable:X-X
49240697;nsv4247211;['copy number variation'];nssv15825474;deletion;;;;nstd166;[];15;GRCh37.p13:65788360-65788418;GRCh38.p12:65496022-65496080;not applicable:X-X
49240523;nsv4247037;['copy number variation'];nssv15825472;deletion;;;;nstd166;[];15;GRCh37.p13:65777640-65778028;GRCh38.p12:65485302-65485690;not applicable:X-X
49239801;nsv4246315;['copy number variation'];nssv15825476;deletion;;;;nstd166;[];15;GRCh37.p13:65801761-65804531;GRCh38.p12:65509423-65512193;not applicable:X-X
49239755;nsv4246269;['copy number variation'];nssv15825471;deletion;;;;nstd166;[];15;GRCh37.p13:65762695-65766303;GRCh38.p12:65470357-65473965;not applicable:X-X
49230898;nsv4237412;['copy number variation'];nssv15825475;deletion;;;;nstd166;[];15;GRCh37.p13:65798309-65798602;GRCh38.p12:65505971-65506264;not applicable:X-X
49229175;nsv4235689;['copy number variation'];nssv15825469;deletion;;;;nstd166;[];15;GRCh37.p13:65744725-65744884;GRCh38.p12:65452387-65452546;not applicable:X-X
49227222;nsv4233736;['copy number variation'];nssv15825473;deletion;;;;nstd166;[];15;GRCh37.p13:65783449-65783518;GRCh38.p12:65491111-65491180;not applicable:X-X
49226625;nsv4233139;['copy number variation'];nssv15956764;duplication;;;;nstd166;[];15;GRCh37.p13:65797419-65798395;GRCh38.p12:65505081-65506057;not applicable:X-X
49226372;nsv4232886;['copy number variation'];nssv15825468;deletion;;;;nstd166;[];15;GRCh37.p13:65741209-65741285;GRCh38.p12:65448871-65448947;not applicable:X-X
48566095;nsv3955674;['copy number variation'];nssv15214345;deletion;;;;nstd168;[];15;GRCh38:65484679-65530009;GRCh37.p13:65777017-65822347;not applicable:X-X
46776879;nsv3152902;['copy number variation'];nssv14198100;copy number loss;;;;nstd151;[];15;GRCh37:65756096-65766631;GRCh38.p12:65463758-65474293;not applicable:X-X
46775621;nsv3151644;['copy number variation'];nssv14198102;copy number gain;;;;nstd151;[];15;GRCh37:65790199-65808035;GRCh38.p12:65497861-65515697;not applicable:X-X
46773790;nsv3149813;['copy number variation'];nssv14198101;copy number loss;;;;nstd151;[];15;GRCh37:65772557-65782642;GRCh38.p12:65480219-65490304;not applicable:X-X
46766990;nsv3143013;['copy number variation'];nssv14198084;copy number gain;;;;nstd151;[];15;GRCh37:65255958-65739349;GRCh38.p12:64963617-65447011;not applicable:X-X
45763684;esv3875436;['copy number variation'];essv23787328//essv23787329...;deletion//deletion...;HG00531//NA18549...;Heterozygous//Heterozygous...;;estd219;[];15;GRCh37:65784152-65788673;GRCh38.p12:65491814-65496335;not applicable:X-X
45725630;esv3875435;['copy number variation'];essv23787327;deletion;HG01140;Heterozygous;;estd219;[];15;GRCh37:65783445-65783518;GRCh38.p12:65491107-65491180;not applicable:X-X
45715980;esv3875434;['copy number variation'];essv23787326;deletion;HG02274;Heterozygous;;estd219;[];15;GRCh37:65763530-65765916;GRCh38.p12:65471192-65473578;not applicable:X-X
36713964;nsv2766059;['copy number variation'];nssv13622556;deletion;;;;nstd130;[];15;GRCh37:65801254-65822534;GRCh38.p12:65508916-65530196;not applicable:X-X
36691493;nsv2743588;['copy number variation'];nssv13567801;duplication;;;;nstd130;[];15;NCBI36:63588307-63617571;GRCh37.p13:65801254-65830518;GRCh38.p12:65508916-65538180
36688401;nsv2740496;['copy number variation'];nssv13551675//nssv13564197...;duplication//duplication...;;;;nstd130;[];15;NCBI36:63588307-63609587;GRCh37.p13:65801254-65822534;GRCh38.p12:65508916-65530196
36679564;nsv2731659;['copy number variation'];nssv13549307//nssv13562631;duplication//duplication;;;;nstd130;[];15;NCBI36:63588307-63607883;GRCh37.p13:65801254-65820830;GRCh38.p12:65508916-65528492
25029936;nsv1138381;['copy number variation'];nssv3990947;deletion;KWS2;;;nstd106;[];15;GRCh37:65798976-65799044;GRCh38.p12:65506638-65506706;not applicable:X-X
24745937;esv3803031;['copy number variation'];essv16631476;deletion;2186061;;;estd192;[];15;GRCh37:55896436-65949590;GRCh38.p12:55604238-65657252;not applicable:X-X
24743214;esv3801550;['copy number variation'];essv16629826;deletion;2121151;;;estd192;[];15;GRCh37:25438263-94740255;GRCh38.p12:25193116-94197026;not applicable:X-X
24742758;esv3807974;['copy number variation'];essv16636962;deletion;2121193;;;estd192;[];15;GRCh37:38519175-90455521;GRCh38.p12:38226974-89912289;not applicable:X-X
24742206;esv3801115;['copy number variation'];essv16629342;deletion;2121151;;;estd192;[];15;GRCh37:25234371-84031603;GRCh38.p12:24989224-83362851;not applicable:X-X
24742185;esv3801333;['copy number variation'];essv16629591;deletion;1842522;;;estd192;[];15;GRCh37:46956193-66843716;GRCh38.p12:46663995-66551378;not applicable:X-X
24736185;esv3814213;['copy number variation'];essv16643989;deletion;2196232;;;estd192;[];15;GRCh37:37051320-98552788;GRCh38.p12:36759119-98009558;not applicable:X-X
24731518;esv3798008;['copy number variation'];essv16625886;deletion;1842522;;;estd192;[];15;GRCh37:29908999-79199299;GRCh38.p12:29616795-78906957;not applicable:X-X
24730534;esv3807505;['copy number variation'];essv16636449;deletion;2121193;;;estd192;[];15;GRCh37:29246362-80744334;GRCh38.p12:28954159-80451993;not applicable:X-X
24728730;esv3808639;['copy number variation'];essv16637716;deletion;2121151;;;estd192;[];15;GRCh37:22687187-81447222;GRCh38.p12:23319714-81154881;not applicable:X-X
24728329;esv3811650;['copy number variation'];essv16641119;deletion;2121193;;;estd192;[];15;GRCh37:57822620-66462439;GRCh38.p12:57530422-66170101;not applicable:X-X
24728036;esv3800546;['copy number variation'];essv16628794;deletion;1842534;;;estd192;[];15;GRCh37:65054772-86745851;GRCh38.p12:64762573-86202620;not applicable:X-X
24725421;esv3786667;['copy number variation'];essv16613246;deletion;2196252;;;estd192;[];15;GRCh37:60846342-89610422;GRCh38.p12:60554143-89067191;not applicable:X-X
24725031;esv3775217;['copy number variation'];essv16600522;deletion;2196294;;;estd192;[];15;GRCh37:20556901-70944992;GRCh38.p12:20351648-70652653;not applicable:X-X
24723727;esv3788759;['copy number variation'];essv16615563;deletion;2196304;;;estd192;[];15;GRCh37:53857452-92860028;GRCh38.p12:53565255-92316798;not applicable:X-X
24718409;esv3787374;['copy number variation'];essv16614032;deletion;2196252;;;estd192;[];15;GRCh37:43228700-70949964;GRCh38.p12:42936502-70657625;not applicable:X-X
24714992;esv3786801;['copy number variation'];essv16613474;deletion;2196252;;;estd192;[];15;GRCh37:43267104-89619912;GRCh38.p12:42974906-89076681;not applicable:X-X
24714545;esv3781434;['copy number variation'];essv16607444;deletion;2196348;;;estd192;[];15;GRCh37:42214555-68668658;GRCh38.p12:41922357-68376320;not applicable:X-X
24713416;esv3777379;['copy number variation'];essv16602922;deletion;2196328;;;estd192;[];15;GRCh37:40242268-78393513;GRCh38.p12:39950067-78101171;not applicable:X-X
24712502;esv3782774;['copy number variation'];essv16608911;deletion;1842448;;;estd192;[];15;GRCh37:65433553-98486278;GRCh38.p12:65141215-97943048;not applicable:X-X
24704112;esv3771064;['copy number variation'];essv16595889;deletion;2196252;;;estd192;[];15;GRCh37:22572223-80585973;GRCh38.p12:22284272-80293631;not applicable:X-X
24696552;esv3755088;['copy number variation'];essv16578066;deletion;2196252;;;estd192;[];15;GRCh37:20101969-70975537;GRCh38.p12:19896716-70683198;not applicable:X-X
24696374;esv3755576;['copy number variation'];essv16578610//essv16578611;deletion//deletion;2185822//2186510;;;estd192;[];15;GRCh37:31039708-98443690;GRCh38.p12:30747505-97900460;not applicable:X-X
24692064;esv3756768;['copy number variation'];essv16579914;deletion;2196260;;;estd192;[];15;GRCh37:32969987-98651381;GRCh38.p12:32677786-98108152;not applicable:X-X
24687430;esv3764190;['copy number variation'];essv16588297;deletion;1653111;;;estd192;[];15;GRCh37:37897088-81349179;GRCh38.p12:37604887-81056838;not applicable:X-X
24487506;esv3636757;['copy number variation'];essv15271878//essv15271879...;deletion//deletion...;SAMN00006472//SAMN00000426...;Heterozygous//Heterozygous...;;estd214;[];15;GRCh37:65784152-65788673;GRCh38.p12:65491814-65496335;not applicable:X-X
24458691;esv3636756;['copy number variation'];essv15271877;deletion;SAMN01091145;Heterozygous;;estd214;[];15;GRCh37:65763530-65765916;GRCh38.p12:65471192-65473578;not applicable:X-X
16964899;nsv984842;['copy number variation'];nssv459370//nssv459436;copy number gain//copy number loss;;;Leukemia- Myeloid- Acute//Leukemia- Myeloid- Acute;nstd11;[];15;NCBI36:18276341-100286563;GRCh38.p12:19811075-101928837;GRCh37.p13:20016328-102469040
16964878;nsv984823;['copy number variation'];nssv3217235;copy number gain;ULSAM298;;;nstd92;[];15;GRCh38.p12:64165711-101980548;GRCh37:64457910-102520751;not applicable:X-X
16964861;nsv984806;['copy number variation'];nssv3217218;copy number gain;ULSAM140;;;nstd92;[];15;GRCh38.p12:19898947-101980548;GRCh37:20104200-102520751;not applicable:X-X
16964647;nsv984592;['copy number variation'];nssv3217252;copy number gain;ULSAM432;;;nstd92;[];15;GRCh38.p12:19898947-101980548;GRCh37:20104200-102520751;not applicable:X-X
16852850;esv3418937;['copy number variation'];essv8817218;deletion;SAMN00801888;;;estd59;[];15;NCBI36:63567451-63567794;GRCh37.p13:65780398-65780741;GRCh38.p12:65488060-65488403
16848537;esv3416807;['copy number variation'];essv8781369;deletion;SAMN00801888;;;estd59;[];15;NCBI36:63585302-63587300;GRCh37.p13:65798249-65800247;GRCh38.p12:65505911-65507909
16843732;esv3406158;['copy number variation'];essv8781368;deletion;SAMN00801888;;;estd59;[];15;NCBI36:63527402-63529300;GRCh37.p13:65740349-65742247;GRCh38.p12:65448011-65449909
16802500;esv3366936;['copy number variation'];essv8817217;deletion;SAMN00801888;;;estd59;[];15;NCBI36:63553709-63553933;GRCh37.p13:65766656-65766880;GRCh38.p12:65474318-65474542
14075997;esv3192282;['copy number variation'];essv7461849;deletion;HuRef;Homozygous;;estd209;[];15;GRCh37:65778973-65778979;GRCh38.p12:65486635-65486641;not applicable:X-X
14073066;esv3192281;['copy number variation'];essv7461848;deletion;HuRef;;;estd209;[];15;GRCh37:65760832-65760833;GRCh38.p12:65468494-65468495;not applicable:X-X
14070635;esv3192279;['copy number variation'];essv7461846;deletion;HuRef;Heterozygous;;estd209;[];15;GRCh37:65753932-65753936;GRCh38.p12:65461594-65461598;not applicable:X-X
14069471;esv3192283;['copy number variation'];essv7461850;deletion;HuRef;Heterozygous;;estd209;[];15;GRCh37:65790733-65790734;GRCh38.p12:65498395-65498396;not applicable:X-X
14069470;esv3192278;['copy number variation'];essv7461845;deletion;HuRef;Heterozygous;;estd209;[];15;GRCh37:65752811-65752813;GRCh38.p12:65460473-65460475;not applicable:X-X
14069258;esv3192284;['copy number variation'];essv7461851;deletion;HuRef;;;estd209;[];15;GRCh37:65794642-65794643;GRCh38.p12:65502304-65502305;not applicable:X-X
14051141;esv3192277;['copy number variation'];essv7461844;deletion;HuRef;;;estd209;[];15;GRCh37:65734403-65734404;GRCh38.p12:65442065-65442066;not applicable:X-X
14032281;esv3192285;['copy number variation'];essv7461852;deletion;HuRef;Homozygous;;estd209;[];15;GRCh37:65806077-65806080;GRCh38.p12:65513739-65513742;not applicable:X-X
13389727;nsv951977;['copy number variation'];nssv2999116;deletion;SAMN01096093;;;nstd73;[];15;GRCh37:65810201-65819400;GRCh38.p12:65517863-65527062;not applicable:X-X
9460212;esv2674996;['copy number variation'];essv5624085//essv6191424...;deletion//deletion...;SAMN00000428//SAMN00006472...;;;estd199;[];15;GRCh37:65784153-65788583;GRCh38.p12:65491815-65496245;not applicable:X-X
9447029;esv2661864;['copy number variation'];essv5532679//essv5593431...;deletion//deletion...;SAMN00000450//SAMN00000442...;;;estd199;[];15;GRCh37:65784283-65788534;GRCh38.p12:65491945-65496196;not applicable:X-X
8190851;esv1743351;['copy number variation'];essv3686932;deletion;HuRef;Homozygous;;estd22;[];15;NCBI36:63539866-63539868;GRCh37.p13:65752813-65752815;GRCh38.p12:65460475-65460477
8031871;esv1585791;['copy number variation'];essv4203353;deletion;HuRef;Homozygous;;estd22;[];15;NCBI36:63549610-63549611;GRCh37.p13:65762557-65762558;GRCh38.p12:65470219-65470220
7998451;esv1552154;['copy number variation'];essv4086535;deletion;HuRef;Heterozygous;;estd22;[];15;NCBI36:63559264-63559266;GRCh37.p13:65772211-65772213;GRCh38.p12:65479873-65479875
7980284;esv1533656;['copy number variation'];essv3859682;deletion;HuRef;Homozygous;;estd22;[];15;NCBI36:63566026-63566032;GRCh37.p13:65778973-65778979;GRCh38.p12:65486635-65486641
7937760;esv1491090;['copy number variation'];essv3711770;deletion;HuRef;Heterozygous;;estd22;[];15;NCBI36:63541108-63541109;GRCh37.p13:65754055-65754056;GRCh38.p12:65461717-65461718
7915204;esv1469812;['copy number variation'];essv4034107;deletion;HuRef;Homozygous;;estd22;[];15;NCBI36:63563021-63563031;GRCh37.p13:65775968-65775978;GRCh38.p12:65483630-65483640
7788163;esv1341373;['copy number variation'];essv3659540;deletion;HuRef;Heterozygous;;estd22;[];15;NCBI36:63592609-63592610;GRCh37.p13:65805556-65805557;GRCh38.p12:65513218-65513219
7727777;esv1281194;['copy number variation'];essv4363486;deletion;HuRef;Homozygous;;estd22;[];15;NCBI36:63584758-63584759;GRCh37.p13:65797705-65797706;GRCh38.p12:65505367-65505368
7667495;esv1220924;['copy number variation'];essv3889369;deletion;HuRef;Homozygous;;estd22;[];15;NCBI36:63547899-63547900;GRCh37.p13:65760846-65760847;GRCh38.p12:65468508-65468509
7663391;esv1217207;['copy number variation'];essv3604399;deletion;HuRef;Homozygous;;estd22;[];15;NCBI36:63593131-63593134;GRCh37.p13:65806078-65806081;GRCh38.p12:65513740-65513743
7480697;esv1034169;['copy number variation'];essv3726668;deletion;HuRef;Homozygous;;estd22;[];15;NCBI36:63581708-63581709;GRCh37.p13:65794655-65794656;GRCh38.p12:65502317-65502318
7476336;esv1029201;['copy number variation'];essv4002187;deletion;HuRef;Heterozygous;;estd22;[];15;NCBI36:63571165-63571166;GRCh37.p13:65784112-65784113;GRCh38.p12:65491774-65491775
6641153;esv2419220;['copy number variation'];essv4503496;deletion;NA18507;;;estd194;[];15;NCBI36:63581696-63581697;GRCh37.p13:65794643-65794644;GRCh38.p12:65502305-65502306
6628420;esv2321757;['copy number variation'];essv4769280;deletion;NA18507;;;estd194;[];15;NCBI36:63590510-63590512;GRCh37.p13:65803457-65803459;GRCh38.p12:65511119-65511121
6616522;esv2298838;['copy number variation'];essv4759245;deletion;NA18507;;;estd194;[];15;NCBI36:63540986-63540990;GRCh37.p13:65753933-65753937;GRCh38.p12:65461595-65461599
6513950;esv2164981;['copy number variation'];essv4863943;deletion;NA18507;;;estd194;[];15;NCBI36:63565026-63565027;GRCh37.p13:65777973-65777974;GRCh38.p12:65485635-65485636
6470390;esv2218010;['copy number variation'];essv4931861;deletion;NA18507;;;estd194;[];15;NCBI36:63584746-63584747;GRCh37.p13:65797693-65797694;GRCh38.p12:65505355-65505356
6430575;esv2237024;['copy number variation'];essv4952744;deletion;NA18507;;;estd194;[];15;NCBI36:63539865-63539867;GRCh37.p13:65752812-65752814;GRCh38.p12:65460474-65460476
6388209;esv2067978;['copy number variation'];essv4734525;deletion;NA18507;;;estd194;[];15;NCBI36:63547886-63547887;GRCh37.p13:65760833-65760834;GRCh38.p12:65468495-65468496
6382309;esv2076993;['copy number variation'];essv4618258;deletion;NA18507;;;estd194;[];15;NCBI36:63593131-63593134;GRCh37.p13:65806078-65806081;GRCh38.p12:65513740-65513743
6350230;esv2081662;['copy number variation'];essv4826094;deletion;NA18507;;;estd194;[];15;NCBI36:63576041-63576043;GRCh37.p13:65788988-65788990;GRCh38.p12:65496650-65496652
6292118;esv1962919;['copy number variation'];essv4910490;deletion;NA18507;;;estd194;[];15;NCBI36:63596206-63596208;GRCh37.p13:65809153-65809155;GRCh38.p12:65516815-65516817
6222570;esv2016679;['copy number variation'];essv4749512;deletion;NA18507;;;estd194;[];15;NCBI36:63526949-63526951;GRCh37.p13:65739896-65739898;GRCh38.p12:65447558-65447560
5637862;esv2605519;['copy number variation'];essv5328905;deletion;NA18507;;;estd197;[];15;NCBI36:63596206-63596207;GRCh37.p13:65809153-65809154;GRCh38.p12:65516815-65516816
5637860;esv2508334;['copy number variation'];essv5286419;deletion;NA18507;;;estd197;[];15;NCBI36:63593131-63593133;GRCh37.p13:65806078-65806080;GRCh38.p12:65513740-65513742
5637859;esv2634824;['copy number variation'];essv5364063;deletion;NA18507;;;estd197;[];15;NCBI36:63590509-63590510;GRCh37.p13:65803456-65803457;GRCh38.p12:65511118-65511119
5637854;esv2431529;['copy number variation'];essv5328432;deletion;NA18507;;;estd197;[];15;NCBI36:63566027-63566032;GRCh37.p13:65778974-65778979;GRCh38.p12:65486636-65486641
5637853;esv2589364;['copy number variation'];essv5292338;deletion;NA18507;;;estd197;[];15;NCBI36:63565026-63565026;GRCh37.p13:65777973-65777973;GRCh38.p12:65485635-65485635
5637852;esv2423508;['copy number variation'];essv5340011;deletion;NA18507;;;estd197;[];15;NCBI36:63549060-63549068;GRCh37.p13:65762007-65762015;GRCh38.p12:65469669-65469677
5637851;esv2436808;['copy number variation'];essv5194169;deletion;NA18507;;;estd197;[];15;NCBI36:63540983-63540986;GRCh37.p13:65753930-65753933;GRCh38.p12:65461592-65461595
5637849;esv2475872;['copy number variation'];essv5279429;deletion;NA18507;;;estd197;[];15;NCBI36:63539865-63539866;GRCh37.p13:65752812-65752813;GRCh38.p12:65460474-65460475
5637846;esv2557943;['copy number variation'];essv5183783;deletion;NA18507;;;estd197;[];15;NCBI36:63526949-63526950;GRCh37.p13:65739896-65739897;GRCh38.p12:65447558-65447559
4790603;nsv833042;['copy number variation'];nssv1452005;copy number loss;;;;nstd68;[];15;NCBI35:63525470-63735787;GRCh37.p13:65738417-65948733;GRCh38.p12:65446079-65656395
3751259;nsv542408;['copy number variation'];nssv1168757;copy number gain;9897669;;;nstd54;[];15;NCBI36:62577683-63535618;GRCh37.p13:64790630-65748565;GRCh38.p12:64498431-65456227
3751215;nsv542364;['copy number variation'];nssv1168364;copy number gain;9887822;;;nstd54;[];15;NCBI36:39471263-100208480;GRCh37.p13:41683971-102390957;GRCh38.p12:41391773-101850754
199748;nsv94612;['copy number variation'];nssv113190;deletion;;;;nstd6;[];15;NCBI35:63566412-63566416;GRCh37.p13:65779359-65779363;GRCh38.p12:65487021-65487025
198271;nsv93135;['copy number variation'];nssv111713;deletion;;;;nstd6;[];15;NCBI35:63593131-63593133;GRCh37.p13:65806078-65806080;GRCh38.p12:65513740-65513742
196803;nsv91667;['copy number variation'];nssv110245;deletion;;;;nstd6;[];15;NCBI35:63593132-63593134;GRCh37.p13:65806079-65806081;GRCh38.p12:65513741-65513743
195775;nsv90639;['copy number variation'];nssv109217;deletion;;;;nstd6;[];15;NCBI35:63564952-63564956;GRCh37.p13:65777899-65777903;GRCh38.p12:65485561-65485565
195774;nsv90638;['copy number variation'];nssv109216;deletion;;;;nstd6;[];15;NCBI35:63564945-63564949;GRCh37.p13:65777892-65777896;GRCh38.p12:65485554-65485558
194938;nsv89802;['copy number variation'];nssv108380;deletion;;;;nstd6;[];15;NCBI35:63581698-63581698;GRCh37.p13:65794645-65794645;GRCh38.p12:65502307-65502307
193512;nsv88376;['copy number variation'];nssv106954;deletion;;;;nstd6;[];15;NCBI35:63549597-63549597;GRCh37.p13:65762544-65762544;GRCh38.p12:65470206-65470206
193219;nsv88083;['copy number variation'];nssv106661;deletion;;;;nstd6;[];15;NCBI35:63568987-63568990;GRCh37.p13:65781934-65781937;GRCh38.p12:65489596-65489599
