dbVar variant id;variant region id;type;variant call id;variant call type;sample id;zygosity;subject phenotype;study ID;clinical assertion;Chr;assembly1;assembly2;assembly3
49981561;nsv4502345;['mobile element insertion'];nssv16013209;alu insertion;;;;nstd166;[];15;GRCh37.p13:65733464-65733465;GRCh38.p12:65441126-65441127;not applicable:X-X
49979231;nsv4500015;['mobile element insertion'];nssv16013765;alu insertion;;;;nstd166;[];15;GRCh37.p13:65758212-65758213;GRCh38.p12:65465874-65465875;not applicable:X-X
46559457;nsv3091902;['mobile element insertion'];nssv14074216;sva insertion;;;;nstd144;[];15;GRCh37:65786501-65786501;GRCh38.p12:65494163-65494163;not applicable:X-X
45740446;esv3875437;['mobile element insertion'];essv23787333//essv23787334...;sva insertion//sva insertion...;HG00638//HG01082...;Heterozygous//Heterozygous...;;estd219;[];15;GRCh37:65786350-65786350;GRCh38.p12:65494012-65494012;not applicable:X-X
24745156;esv3799993;['tandem duplication'];essv16628091;tandem duplication;2196252;;;estd192;[];15;GRCh37:60835677-89639777;GRCh38.p12:60543478-89096546;not applicable:X-X
24738523;esv3795340;['tandem duplication'];essv16622866;tandem duplication;2186061;;;estd192;[];15;GRCh37:23104527-65969429;GRCh38.p12:23319714-65677091;not applicable:X-X
24737697;esv3806219;['tandem duplication'];essv16635029;tandem duplication;2196360;;;estd192;[];15;GRCh37:60404116-67702205;GRCh38.p12:60111917-67409867;not applicable:X-X
24735014;esv3798578;['tandem duplication'];essv16626597;tandem duplication;2186345;;;estd192;[];15;GRCh37:60281556-93207537;GRCh38.p12:59989357-92664307;not applicable:X-X
24732187;esv3809932;['tandem duplication'];essv16639196;tandem duplication;1842517;;;estd192;[];15;GRCh37:60174907-95463543;GRCh38.p12:59882708-94920314;not applicable:X-X
24726035;esv3780715;['tandem duplication'];essv16606622;tandem duplication;2196252;;;estd192;[];15;GRCh37:22572303-72316124;GRCh38.p12:22284352-72023783;not applicable:X-X
24723192;esv3784380;['tandem duplication'];essv16610681;tandem duplication;2121151;;;estd192;[];15;GRCh37:25238181-101239062;GRCh38.p12:24993034-100698857;not applicable:X-X
24720294;esv3792260;['complex chromosomal rearrangement'];essv16619437;deletion;1652862;;;estd192;[];15;GRCh37:65734812-65734812;GRCh37:91148442-91148442;GRCh38.p12:90605210-90605210
24718367;esv3775144;['tandem duplication'];essv16600442;tandem duplication;2196268;;;estd192;[];15;GRCh37:60281518-93207627;GRCh38.p12:59989319-92664397;not applicable:X-X
24712211;esv3791896;['tandem duplication'];essv16619032;tandem duplication;2197092;;;estd192;[];15;GRCh37:47302695-76557628;GRCh38.p12:47010497-76265287;not applicable:X-X
24711457;esv3782678;['tandem duplication'];essv16608805;tandem duplication;2121151;;;estd192;[];15;GRCh37:25272966-92899408;GRCh38.p12:25027819-92356178;not applicable:X-X
24710682;esv3790463;['tandem duplication'];essv16617440;tandem duplication;1842522;;;estd192;[];15;GRCh37:33341976-68563770;GRCh38.p12:33049775-68271432;not applicable:X-X
24708278;esv3783903;['tandem duplication'];essv16610156;tandem duplication;2121193;;;estd192;[];15;GRCh37:57806534-101811825;GRCh38.p12:57514336-101271620;not applicable:X-X
24708147;esv3776728;['tandem duplication'];essv16602199;tandem duplication;2121151;;;estd192;[];15;GRCh37:25430405-88851701;GRCh38.p12:25185258-88308470;not applicable:X-X
24707610;esv3789119;['tandem duplication'];essv16615948;tandem duplication;2121124;;;estd192;[];15;GRCh37:65158532-74861712;GRCh38.p12:64866333-74569371;not applicable:X-X
24702825;esv3756300;['tandem duplication'];essv16579408;tandem duplication;2121151;;;estd192;[];15;GRCh37:32068312-85638360;GRCh38.p12:31776109-85095129;not applicable:X-X
24697149;esv3761342;['complex chromosomal rearrangement'];essv16585023;interchromosomal translocation;2186345;;;estd192;[];14;GRCh37:105946170-105946190;GRCh37:65764674-65764694;GRCh38.p12:105479833-105479853
24694014;esv3758521;['tandem duplication'];essv16581903;tandem duplication;2196252;;;estd192;[];15;GRCh37:20138255-70975463;GRCh38.p12:19933002-70683124;not applicable:X-X
24691987;esv3760958;['tandem duplication'];essv16584601;tandem duplication;2121181;;;estd192;[];15;GRCh37:62553518-74903589;GRCh38.p12:62261319-74611248;not applicable:X-X
24689601;esv3762359;['tandem duplication'];essv16586192;tandem duplication;2121193;;;estd192;[];15;GRCh37:29352611-85834634;GRCh38.p12:29060408-85291403;not applicable:X-X
24689390;esv3758885;['tandem duplication'];essv16582297;tandem duplication;2121193;;;estd192;[];15;GRCh37:35992396-91139235;GRCh38.p12:35700195-90596003;not applicable:X-X
24687795;esv3754909;['tandem duplication'];essv16577865;tandem duplication;1842517;;;estd192;[];15;GRCh37:62488544-69908902;GRCh38.p12:62196345-69616563;not applicable:X-X
24490705;esv3636758;['mobile element insertion'];essv15271883//essv15271884...;sva insertion//sva insertion...;SAMN00006535//SAMN00009129...;Heterozygous//Heterozygous...;;estd214;[];15;GRCh37:65786350-65786350;GRCh38.p12:65494012-65494012;not applicable:X-X
16964865;nsv984810;['complex substitution'];nssv3217228;complex substitution;ULSAM200;;;nstd92;[];15;GRCh38.p12:51788808-101980548;GRCh37:52081005-102520751;not applicable:X-X
1044400;nsv479032;['novel sequence insertion'];nssv3012317;novel sequence insertion;;;;nstd35;[];15;NCBI35:63592653-63592653;GRCh37.p13:65805600-65805600;GRCh38.p12:65513262-65513262
