dbVar variant id;variant region id;type;variant call id;variant call type;sample id;zygosity;subject phenotype;study ID;clinical assertion;Chr;assembly1;assembly2;assembly3
35556668;nsv1795116;['short tandem repeat'];nssv10091410;short tandem repeat;;;;nstd128;[];15;GRCh37:65802360-65802381;GRCh38.p12:65510022-65510043;not applicable:X-X
35556667;nsv1795115;['short tandem repeat'];nssv10093267;short tandem repeat;;;;nstd128;[];15;GRCh37:65799035-65799064;GRCh38.p12:65506697-65506726;not applicable:X-X
35556666;nsv1795114;['short tandem repeat'];nssv10093237//nssv10093238;short tandem repeat//short tandem repeat;;;;nstd128;[];15;GRCh37:65792757-65792770;GRCh38.p12:65500419-65500432;not applicable:X-X
35556665;nsv1795113;['short tandem repeat'];nssv10093234//nssv10093235...;short tandem repeat//short tandem repeat...;;;;nstd128;[];15;GRCh37:65791570-65791580;GRCh38.p12:65499232-65499242;not applicable:X-X
35556663;nsv1795111;['short tandem repeat'];nssv10093202//nssv10093203;short tandem repeat//short tandem repeat;;;;nstd128;[];15;GRCh37:65788315-65788332;GRCh38.p12:65495977-65495994;not applicable:X-X
35556662;nsv1795110;['short tandem repeat'];nssv10093195;short tandem repeat;;;;nstd128;[];15;GRCh37:65781297-65781315;GRCh38.p12:65488959-65488977;not applicable:X-X
35556661;nsv1795109;['short tandem repeat'];nssv10093189//nssv10093190...;short tandem repeat//short tandem repeat...;;;;nstd128;[];15;GRCh37:65778727-65778756;GRCh38.p12:65486389-65486418;not applicable:X-X
35556660;nsv1795108;['short tandem repeat'];nssv10093178;short tandem repeat;;;;nstd128;[];15;GRCh37:65776920-65776931;GRCh38.p12:65484582-65484593;not applicable:X-X
35556659;nsv1795107;['short tandem repeat'];nssv10093171//nssv10093172...;short tandem repeat//short tandem repeat...;;;;nstd128;[];15;GRCh37:65776664-65776677;GRCh38.p12:65484326-65484339;not applicable:X-X
35556658;nsv1795106;['short tandem repeat'];nssv10093163;short tandem repeat;;;;nstd128;[];15;GRCh37:65775439-65775458;GRCh38.p12:65483101-65483120;not applicable:X-X
35556657;nsv1795105;['short tandem repeat'];nssv10093138//nssv10093139...;short tandem repeat//short tandem repeat...;;;;nstd128;[];15;GRCh37:65765664-65765678;GRCh38.p12:65473326-65473340;not applicable:X-X
35556656;nsv1795104;['short tandem repeat'];nssv10093123//nssv10093124...;short tandem repeat//short tandem repeat...;;;;nstd128;[];15;GRCh37:65760833-65760847;GRCh38.p12:65468495-65468509;not applicable:X-X
35556654;nsv1795102;['short tandem repeat'];nssv10093120;short tandem repeat;;;;nstd128;[];15;GRCh37:65759668-65759682;GRCh38.p12:65467330-65467344;not applicable:X-X
35556653;nsv1795101;['short tandem repeat'];nssv10092309//nssv10092310...;short tandem repeat//short tandem repeat...;;;;nstd128;[];15;GRCh37:65754242-65754254;GRCh38.p12:65461904-65461916;not applicable:X-X
35556652;nsv1795100;['short tandem repeat'];nssv10092305//nssv10092306...;short tandem repeat//short tandem repeat...;;;;nstd128;[];15;GRCh37:65753947-65753958;GRCh38.p12:65461609-65461620;not applicable:X-X
35556651;nsv1795099;['short tandem repeat'];nssv10092299//nssv10092300...;short tandem repeat//short tandem repeat...;;;;nstd128;[];15;GRCh37:65751379-65751390;GRCh38.p12:65459041-65459052;not applicable:X-X
35556650;nsv1795098;['short tandem repeat'];nssv10092295;short tandem repeat;;;;nstd128;[];15;GRCh37:65747961-65747984;GRCh38.p12:65455623-65455646;not applicable:X-X
35556649;nsv1795097;['short tandem repeat'];nssv10092285//nssv10092286...;short tandem repeat//short tandem repeat...;;;;nstd128;[];15;GRCh37:65745771-65745789;GRCh38.p12:65453433-65453451;not applicable:X-X
35556648;nsv1795096;['short tandem repeat'];nssv10092274//nssv10092275;short tandem repeat//short tandem repeat;;;;nstd128;[];15;GRCh37:65742295-65742314;GRCh38.p12:65449957-65449976;not applicable:X-X
35556647;nsv1795095;['short tandem repeat'];nssv10092258;short tandem repeat;;;;nstd128;[];15;GRCh37:65736253-65736271;GRCh38.p12:65443915-65443933;not applicable:X-X
35556646;nsv1795094;['short tandem repeat'];nssv10092247//nssv10092248;short tandem repeat//short tandem repeat;;;;nstd128;[];15;GRCh37:65734021-65734052;GRCh38.p12:65441683-65441714;not applicable:X-X
35554677;nsv1793125;['short tandem repeat'];nssv10091414;short tandem repeat;;;;nstd128;[];15;GRCh37:65804043-65804076;GRCh38.p12:65511705-65511738;not applicable:X-X
35554676;nsv1793124;['short tandem repeat'];nssv10091411//nssv10091412;short tandem repeat//short tandem repeat;;;;nstd128;[];15;GRCh37:65802654-65802672;GRCh38.p12:65510316-65510334;not applicable:X-X
35554675;nsv1793123;['short tandem repeat'];nssv10091406//nssv10093268...;short tandem repeat//short tandem repeat...;;;;nstd128;[];15;GRCh37:65800578-65800589;GRCh38.p12:65508240-65508251;not applicable:X-X
35554674;nsv1793122;['short tandem repeat'];nssv10093255//nssv10093256...;short tandem repeat//short tandem repeat...;;;;nstd128;[];15;GRCh37:65797693-65797706;GRCh38.p12:65505355-65505368;not applicable:X-X
35554672;nsv1793120;['short tandem repeat'];nssv10093241//nssv10093242...;short tandem repeat//short tandem repeat...;;;;nstd128;[];15;GRCh37:65794643-65794656;GRCh38.p12:65502305-65502318;not applicable:X-X
35554671;nsv1793119;['short tandem repeat'];nssv10093240;short tandem repeat;;;;nstd128;[];15;GRCh37:65794226-65794244;GRCh38.p12:65501888-65501906;not applicable:X-X
35554670;nsv1793118;['short tandem repeat'];nssv10093211;short tandem repeat;;;;nstd128;[];15;GRCh37:65789602-65789619;GRCh38.p12:65497264-65497281;not applicable:X-X
35554669;nsv1793117;['short tandem repeat'];nssv10093186//nssv10093187...;short tandem repeat//short tandem repeat...;;;;nstd128;[];15;GRCh37:65778432-65778458;GRCh38.p12:65486094-65486120;not applicable:X-X
35554667;nsv1793115;['short tandem repeat'];nssv10093151//nssv10093152...;short tandem repeat//short tandem repeat...;;;;nstd128;[];15;GRCh37:65773422-65773433;GRCh38.p12:65481084-65481095;not applicable:X-X
35554666;nsv1793114;['short tandem repeat'];nssv10093148;short tandem repeat;;;;nstd128;[];15;GRCh37:65769768-65769779;GRCh38.p12:65477430-65477441;not applicable:X-X
35554665;nsv1793113;['short tandem repeat'];nssv10093146;short tandem repeat;;;;nstd128;[];15;GRCh37:65766814-65766835;GRCh38.p12:65474476-65474497;not applicable:X-X
35554664;nsv1793112;['short tandem repeat'];nssv10093137;short tandem repeat;;;;nstd128;[];15;GRCh37:65764799-65764818;GRCh38.p12:65472461-65472480;not applicable:X-X
35554663;nsv1793111;['short tandem repeat'];nssv10092291;short tandem repeat;;;;nstd128;[];15;GRCh37:65746054-65746084;GRCh38.p12:65453716-65453746;not applicable:X-X
35554662;nsv1793110;['short tandem repeat'];nssv10092288//nssv10092289;short tandem repeat//short tandem repeat;;;;nstd128;[];15;GRCh37:65745793-65745804;GRCh38.p12:65453455-65453466;not applicable:X-X
35554661;nsv1793109;['short tandem repeat'];nssv10092276//nssv10092277...;short tandem repeat//short tandem repeat...;;;;nstd128;[];15;GRCh37:65744268-65744285;GRCh38.p12:65451930-65451947;not applicable:X-X
35554659;nsv1793107;['short tandem repeat'];nssv10092261//nssv10092262;short tandem repeat//short tandem repeat;;;;nstd128;[];15;GRCh37:65737888-65737898;GRCh38.p12:65445550-65445560;not applicable:X-X
35554658;nsv1793106;['short tandem repeat'];nssv10092253//nssv10092254...;short tandem repeat//short tandem repeat...;;;;nstd128;[];15;GRCh37:65735832-65735843;GRCh38.p12:65443494-65443505;not applicable:X-X
35553038;nsv1791486;['short tandem repeat'];nssv10091419;short tandem repeat;;;;nstd128;[];15;GRCh37:65806835-65806862;GRCh38.p12:65514497-65514524;not applicable:X-X
35553037;nsv1791485;['short tandem repeat'];nssv10091415//nssv10091416...;short tandem repeat//short tandem repeat...;;;;nstd128;[];15;GRCh37:65805557-65805569;GRCh38.p12:65513219-65513231;not applicable:X-X
35553036;nsv1791484;['short tandem repeat'];nssv10091408;short tandem repeat;;;;nstd128;[];15;GRCh37:65801191-65801201;GRCh38.p12:65508853-65508863;not applicable:X-X
35553035;nsv1791483;['short tandem repeat'];nssv10093247;short tandem repeat;;;;nstd128;[];15;GRCh37:65795029-65795051;GRCh38.p12:65502691-65502713;not applicable:X-X
35553034;nsv1791482;['short tandem repeat'];nssv10093244//nssv10093245;short tandem repeat//short tandem repeat;;;;nstd128;[];15;GRCh37:65795016-65795027;GRCh38.p12:65502678-65502689;not applicable:X-X
35553033;nsv1791481;['short tandem repeat'];nssv10093212//nssv10093213...;short tandem repeat//short tandem repeat...;;;;nstd128;[];15;GRCh37:65790763-65790775;GRCh38.p12:65498425-65498437;not applicable:X-X
35553032;nsv1791480;['short tandem repeat'];nssv10093199;short tandem repeat;;;;nstd128;[];15;GRCh37:65785386-65785425;GRCh38.p12:65493048-65493087;not applicable:X-X
35553031;nsv1791479;['short tandem repeat'];nssv10093197;short tandem repeat;;;;nstd128;[];15;GRCh37:65784680-65784694;GRCh38.p12:65492342-65492356;not applicable:X-X
35553029;nsv1791477;['short tandem repeat'];nssv10093179//nssv10093180...;short tandem repeat//short tandem repeat...;;;;nstd128;[];15;GRCh37:65776994-65777011;GRCh38.p12:65484656-65484673;not applicable:X-X
35553028;nsv1791476;['short tandem repeat'];nssv10093160//nssv10093161;short tandem repeat//short tandem repeat;;;;nstd128;[];15;GRCh37:65774357-65774371;GRCh38.p12:65482019-65482033;not applicable:X-X
35553027;nsv1791475;['short tandem repeat'];nssv10093157//nssv10093158...;short tandem repeat//short tandem repeat...;;;;nstd128;[];15;GRCh37:65774306-65774322;GRCh38.p12:65481968-65481984;not applicable:X-X
35553026;nsv1791474;['short tandem repeat'];nssv10093155//nssv10093156;short tandem repeat//short tandem repeat;;;;nstd128;[];15;GRCh37:65773959-65773974;GRCh38.p12:65481621-65481636;not applicable:X-X
35553024;nsv1791472;['short tandem repeat'];nssv10093135;short tandem repeat;;;;nstd128;[];15;GRCh37:65764616-65764638;GRCh38.p12:65472278-65472300;not applicable:X-X
35553023;nsv1791471;['short tandem repeat'];nssv10093112//nssv10093113...;short tandem repeat//short tandem repeat...;;;;nstd128;[];15;GRCh37:65757908-65757923;GRCh38.p12:65465570-65465585;not applicable:X-X
35553022;nsv1791470;['short tandem repeat'];nssv10092304;short tandem repeat;;;;nstd128;[];15;GRCh37:65752293-65752305;GRCh38.p12:65459955-65459967;not applicable:X-X
35553021;nsv1791469;['short tandem repeat'];nssv10092296//nssv10092297...;short tandem repeat//short tandem repeat...;;;;nstd128;[];15;GRCh37:65749719-65749729;GRCh38.p12:65457381-65457391;not applicable:X-X
35553019;nsv1791467;['short tandem repeat'];nssv10092283//nssv10092284;short tandem repeat//short tandem repeat;;;;nstd128;[];15;GRCh37:65745310-65745329;GRCh38.p12:65452972-65452991;not applicable:X-X
35553018;nsv1791466;['short tandem repeat'];nssv10092272//nssv10092273;short tandem repeat//short tandem repeat;;;;nstd128;[];15;GRCh37:65741571-65741632;GRCh38.p12:65449233-65449294;not applicable:X-X
35553017;nsv1791465;['short tandem repeat'];nssv10092260;short tandem repeat;;;;nstd128;[];15;GRCh37:65737220-65737249;GRCh38.p12:65444882-65444911;not applicable:X-X
35552871;nsv1791319;['short tandem repeat'];nssv10091420//nssv10091421...;short tandem repeat//short tandem repeat...;;;;nstd128;[];15;GRCh37:65808772-65808784;GRCh38.p12:65516434-65516446;not applicable:X-X
35552869;nsv1791317;['short tandem repeat'];nssv10093264//nssv10093265;short tandem repeat//short tandem repeat;;;;nstd128;[];15;GRCh37:65798954-65798983;GRCh38.p12:65506616-65506645;not applicable:X-X
35552868;nsv1791316;['short tandem repeat'];nssv10093263;short tandem repeat;;;;nstd128;[];15;GRCh37:65798684-65798699;GRCh38.p12:65506346-65506361;not applicable:X-X
35552867;nsv1791315;['short tandem repeat'];nssv10093259//nssv10093260...;short tandem repeat//short tandem repeat...;;;;nstd128;[];15;GRCh37:65798322-65798333;GRCh38.p12:65505984-65505995;not applicable:X-X
35552866;nsv1791314;['short tandem repeat'];nssv10093250//nssv10093251...;short tandem repeat//short tandem repeat...;;;;nstd128;[];15;GRCh37:65796702-65796718;GRCh38.p12:65504364-65504380;not applicable:X-X
35552865;nsv1791313;['short tandem repeat'];nssv10093249;short tandem repeat;;;;nstd128;[];15;GRCh37:65795443-65795457;GRCh38.p12:65503105-65503119;not applicable:X-X
35552864;nsv1791312;['short tandem repeat'];nssv10093215//nssv10093216...;short tandem repeat//short tandem repeat...;;;;nstd128;[];15;GRCh37:65791409-65791444;GRCh38.p12:65499071-65499106;not applicable:X-X
35552863;nsv1791311;['short tandem repeat'];nssv10093206//nssv10093207...;short tandem repeat//short tandem repeat...;;;;nstd128;[];15;GRCh37:65789155-65789168;GRCh38.p12:65496817-65496830;not applicable:X-X
35552862;nsv1791310;['short tandem repeat'];nssv10093205;short tandem repeat;;;;nstd128;[];15;GRCh37:65788996-65789006;GRCh38.p12:65496658-65496668;not applicable:X-X
35552861;nsv1791309;['short tandem repeat'];nssv10093201;short tandem repeat;;;;nstd128;[];15;GRCh37:65787939-65787956;GRCh38.p12:65495601-65495618;not applicable:X-X
35552860;nsv1791308;['short tandem repeat'];nssv10093192//nssv10093193;short tandem repeat//short tandem repeat;;;;nstd128;[];15;GRCh37:65779492-65779502;GRCh38.p12:65487154-65487164;not applicable:X-X
35552859;nsv1791307;['short tandem repeat'];nssv10093164//nssv10093165...;short tandem repeat//short tandem repeat...;;;;nstd128;[];15;GRCh37:65775925-65775978;GRCh38.p12:65483587-65483640;not applicable:X-X
35552858;nsv1791306;['short tandem repeat'];nssv10093150;short tandem repeat;;;;nstd128;[];15;GRCh37:65773271-65773285;GRCh38.p12:65480933-65480947;not applicable:X-X
35552857;nsv1791305;['short tandem repeat'];nssv10093127//nssv10093128...;short tandem repeat//short tandem repeat...;;;;nstd128;[];15;GRCh37:65763258-65763272;GRCh38.p12:65470920-65470934;not applicable:X-X
35552856;nsv1791304;['short tandem repeat'];nssv10093122;short tandem repeat;;;;nstd128;[];15;GRCh37:65759717-65759734;GRCh38.p12:65467379-65467396;not applicable:X-X
35552855;nsv1791303;['short tandem repeat'];nssv10093109//nssv10093110...;short tandem repeat//short tandem repeat...;;;;nstd128;[];15;GRCh37:65755881-65755894;GRCh38.p12:65463543-65463556;not applicable:X-X
35552854;nsv1791302;['short tandem repeat'];nssv10092293;short tandem repeat;;;;nstd128;[];15;GRCh37:65746289-65746306;GRCh38.p12:65453951-65453968;not applicable:X-X
35552853;nsv1791301;['short tandem repeat'];nssv10092271;short tandem repeat;;;;nstd128;[];15;GRCh37:65740556-65740584;GRCh38.p12:65448218-65448246;not applicable:X-X
35552852;nsv1791300;['short tandem repeat'];nssv10092268//nssv10092269;short tandem repeat//short tandem repeat;;;;nstd128;[];15;GRCh37:65739372-65739383;GRCh38.p12:65447034-65447045;not applicable:X-X
35552851;nsv1791299;['short tandem repeat'];nssv10092266//nssv10092267;short tandem repeat//short tandem repeat;;;;nstd128;[];15;GRCh37:65738416-65738426;GRCh38.p12:65446078-65446088;not applicable:X-X
35552850;nsv1791298;['short tandem repeat'];nssv10092263//nssv10092264...;short tandem repeat//short tandem repeat...;;;;nstd128;[];15;GRCh37:65738043-65738053;GRCh38.p12:65445705-65445715;not applicable:X-X
35552849;nsv1791297;['short tandem repeat'];nssv10092249//nssv10092250...;short tandem repeat//short tandem repeat...;;;;nstd128;[];15;GRCh37:65734404-65734419;GRCh38.p12:65442066-65442081;not applicable:X-X
