dbVar variant id;variant region id;type;variant call id;variant call type;copy number;allele origin;subject phenotype;study ID;clinical assertion;ClinVar id;Chr;assembly1;assembly2;assembly3
49355208;nsv4360295;['copy number variation'];nssv15146047;copy number gain;3;not provided;See cases;nstd102;['Pathogenic'];RCV000142915.3;15;NCBI36:57907951-100278724;GRCh37.p13:60120659-102461201;GRCh38.p12:59828460-101920998
49345988;nsv4351075;['copy number variation'];nssv15147059;copy number gain;3;not provided;See cases;nstd102;['Pathogenic'];RCV000052344.4;15;NCBI36:62528088-64054831;GRCh37.p13:64741035-66267777;GRCh38.p12:64448836-65975439
48482823;nsv3919468;['copy number variation'];nssv15127602;copy number loss;1;not provided;See cases;nstd102;['Pathogenic'];RCV000453624.1;15;NCBI36:26996912-100338915;GRCh37.p13:29209620-102521392;GRCh38.p12:28917417-101981189
48479604;nsv3916249;['copy number variation'];nssv15127755;copy number loss;1;not provided;See cases;nstd102;['Pathogenic'];RCV000452010.1;15;NCBI36:21173967-100338915;GRCh37.p13:23622526-102521392;GRCh38.p12:23377379-101981189
48476936;nsv3913581;['copy number variation'];nssv15125410;copy number gain;3;not provided;See cases;nstd102;['Pathogenic'];RCV000450289.1;15;NCBI36:18323354-100338915;GRCh37.p13:20063340-102521392;GRCh38.p12:19858087-101981189
48468493;nsv3905138;['copy number variation'];nssv15149616;copy number gain;4;not provided;See cases;nstd102;['Pathogenic'];RCV000447765.1;15;GRCh37:20733395-102511616;GRCh38.p12:20528156-101971413;not applicable:X-X
48467441;nsv3904086;['copy number variation'];nssv15172190;copy number gain;3;unknown;not provided;nstd102;['Pathogenic'];RCV000751156.1;15;GRCh37:20071673-102461162;GRCh38.p12:19866420-101920959;not applicable:X-X
48463636;nsv3900281;['copy number variation'];nssv15172447;copy number gain;3;unknown;not provided;nstd102;['Pathogenic'];RCV000751155.1;15;GRCh37:20016811-102493540;GRCh38.p12:19811558-101953337;not applicable:X-X
48462914;nsv3899559;['copy number variation'];nssv15148445;copy number gain;4;not provided;See cases;nstd102;['Pathogenic'];RCV000447123.1;15;GRCh37:41745084-102354798;GRCh38.p12:41452886-101814595;not applicable:X-X
48458970;nsv3895615;['copy number variation'];nssv15147575;copy number gain;3;unknown;See cases;nstd102;['Pathogenic'];RCV000240602.1;15;GRCh37:64637227-102509910;GRCh38.p12:64345028-101969707;not applicable:X-X
48456310;nsv3892955;['copy number variation'];nssv15150618//nssv15150717;copy number gain//copy number gain;3//;not provided//not provided;See cases//See cases;nstd102;['Pathogenic'];RCV000510717.1//RCV000512019.1;15;GRCh37:22770422-102429112;GRCh38.p12:23319714-101888909;not applicable:X-X
48440267;nsv3876912;['copy number variation'];nssv15151655;duplication;3;de novo;not provided;nstd102;['Pathogenic'];RCV000677926.1;15;GRCh37:31115047-102354857;GRCh38.p12:30822844-101814654;not applicable:X-X
45807182;nsv2779140;['copy number variation'];nssv13654897;copy number loss;1;not provided;Developmental delay AND/OR other significant developmental or morphological phenotypes;nstd37;['Pathogenic'];SCV000499163;15;NCBI36:21173967-100338915;GRCh37.p13:23622526-102521392;GRCh38.p12:23377379-101981189
45806585;nsv2778543;['copy number variation'];nssv13646205;copy number gain;3;not provided;Developmental delay AND/OR other significant developmental or morphological phenotypes;nstd37;['Pathogenic'];SCV000498930;15;NCBI36:18323354-100338915;GRCh37.p13:20063340-102521392;GRCh38.p12:19858087-101981189
45805231;nsv2777189;['copy number variation'];nssv13645395;copy number loss;1;not provided;Global developmental delay;nstd37;['Pathogenic'];SCV000498357;15;NCBI36:26996912-100338915;GRCh37.p13:29209620-102521392;GRCh38.p12:28917417-101981189
45804309;nsv2776267;['copy number variation'];nssv13644289;copy number gain;4;not provided;Developmental delay AND/OR other significant developmental or morphological phenotypes;nstd37;['Pathogenic'];SCV000500633;15;GRCh37:20733395-102511616;GRCh38.p12:20528156-101971413;not applicable:X-X
45803873;nsv2775831;['copy number variation'];nssv13639800//nssv13642551;copy number gain//copy number gain;2-3//3;not provided//not provided;"Abnormality of the ear; Polydactyly; Short stature; obsolete Malformation of the heart and great vessels//Abnormal facial shape; Intrauterine growth retardation; Micrognathia; Syndactyly; Ventricular septal defect";nstd37;['Pathogenic'];SCV000585568//SCV000585569;15;GRCh37:22770422-102429112;GRCh38.p12:23319714-101888909;not applicable:X-X
45802836;nsv2774794;['copy number variation'];nssv13650085;copy number gain;4;not provided;Developmental delay AND/OR other significant developmental or morphological phenotypes;nstd37;['Pathogenic'];SCV000500375;15;GRCh37:41745084-102354798;GRCh38.p12:41452886-101814595;not applicable:X-X
11417959;nsv916182;['copy number variation'];nssv1602505;copy number gain;3;not provided;"Abnormal facial shape; Micrognathia";nstd37;['Pathogenic'];SCV000179305;15;NCBI36:57907951-100278724;GRCh37.p13:60120659-102461201;GRCh38.p12:59828460-101920998
3738417;nsv531056;['copy number variation'];nssv578688;copy number gain;3;not provided;Developmental delay AND/OR other significant developmental or morphological phenotypes;nstd101;['Pathogenic'];SCV000079696;15;NCBI36:62528088-64054831;GRCh37.p13:64741035-66267777;GRCh38.p12:64448836-65975439
