dbSNP variant id;allele;variation type;functional consequence;Chr;assembly1;assembly2;PMID;title;author
rs1441041942;SEQ=[AAAAAAAA/-/A/AA/AAA/AAAA/AAAAA/AAAAAA/AAAAAAA/AAAAAAAAA/AAAAAAAAAA];delins;upstream_transcript_variant;15;GRCh37-15:65811252;GRCh38-15:65518914;;;
rs1372291371;SEQ=[AAAAAAAA/-/A/AA/AAA/AAAA/AAAAA/AAAAAA/AAAAAAA/AAAAAAAAA/AAAAAAAAAA];delins;upstream_transcript_variant;15;GRCh37-15:65811252;GRCh38-15:65518914;;;
rs1349756680;SEQ=[AAAAAAAA/-/A/AA/AAA/AAAA/AAAAA/AAAAAA/AAAAAAA/AAAAAAAAA/AAAAAAAAAA];delins;upstream_transcript_variant;15;GRCh37-15:65811252;GRCh38-15:65518914;;;
rs1299929895;SEQ=[AAAAAAAA/-/A/AA/AAA/AAAA/AAAAA/AAAAAA/AAAAAAA/AAAAAAAAA/AAAAAAAAAA];delins;upstream_transcript_variant;15;GRCh37-15:65811252;GRCh38-15:65518914;;;
rs1254815694;SEQ=[AAAAAAAA/-/A/AA/AAA/AAAA/AAAAA/AAAAAA/AAAAAAA/AAAAAAAAA/AAAAAAAAAA];delins;upstream_transcript_variant;15;GRCh37-15:65811252;GRCh38-15:65518914;;;
rs1206523366;SEQ=[AAAAAAAA/-/A/AA/AAA/AAAA/AAAAA/AAAAAA/AAAAAAA/AAAAAAAAA/AAAAAAAAAA];delins;upstream_transcript_variant;15;GRCh37-15:65811252;GRCh38-15:65518914;;;
rs973226226;SEQ=[T/-/TT];delins;upstream_transcript_variant;15;GRCh37-15:65811668;GRCh38-15:65519330;;;
rs869265836;SEQ=[AAAAAAAA/-/A/AA/AAA/AAAA/AAAAA/AAAAAA/AAAAAAA/AAAAAAAAA/AAAAAAAAAA];delins;upstream_transcript_variant;15;GRCh37-15:65811252;GRCh38-15:65518914;;;
rs869217964;SEQ=[AAAAAAAA/-/A/AA/AAA/AAAA/AAAAA/AAAAAA/AAAAAAA/AAAAAAAAA/AAAAAAAAAA];delins;upstream_transcript_variant;15;GRCh37-15:65811252;GRCh38-15:65518914;;;
rs776871544;SEQ=[AAAAAAAA/-/A/AA/AAA/AAAA/AAAAA/AAAAAA/AAAAAAA/AAAAAAAAA/AAAAAAAAAA];delins;upstream_transcript_variant;15;GRCh37-15:65811252;GRCh38-15:65518914;;;
rs765487920;SEQ=[AAAAAAAA/-/A/AA/AAA/AAAA/AAAAA/AAAAAA/AAAAAAA/AAAAAAAAA/AAAAAAAAAA];delins;upstream_transcript_variant;15;GRCh37-15:65811252;GRCh38-15:65518914;;;
rs577765026;SEQ=[C/T];snv;upstream_transcript_variant;15;GRCh37-15:65810604;GRCh38-15:65518266;;;
rs575772097;SEQ=[T/A];snv;upstream_transcript_variant;15;GRCh37-15:65811915;GRCh38-15:65519577;;;
rs573044075;SEQ=[C/T];snv;upstream_transcript_variant;15;GRCh37-15:65810809;GRCh38-15:65518471;;;
rs572881606;SEQ=[G/A];snv;upstream_transcript_variant;15;GRCh37-15:65811765;GRCh38-15:65519427;;;
rs568059680;SEQ=[C/T];snv;downstream_transcript_variant;15;GRCh37-15:65734575;GRCh38-15:65442237;;;
rs565733239;SEQ=[C/T];snv;upstream_transcript_variant;15;GRCh37-15:65810472;GRCh38-15:65518134;;;
rs565669374;SEQ=[G/T];snv;upstream_transcript_variant;15;GRCh37-15:65811215;GRCh38-15:65518877;;;
rs565636258;SEQ=[AAAAAAAA/-/A/AA/AAA/AAAA/AAAAA/AAAAAA/AAAAAAA/AAAAAAAAA/AAAAAAAAAA];delins;upstream_transcript_variant;15;GRCh37-15:65811252;GRCh38-15:65518914;;;
rs561434176;SEQ=[G/A];snv;upstream_transcript_variant;15;GRCh37-15:65811934;GRCh38-15:65519596;;;
rs560668778;SEQ=[C/T];snv;upstream_transcript_variant;15;GRCh37-15:65811733;GRCh38-15:65519395;;;
rs559417695;SEQ=[C/T];snv;upstream_transcript_variant;15;GRCh37-15:65811970;GRCh38-15:65519632;;;
rs559384726;SEQ=[G/A];snv;upstream_transcript_variant;15;GRCh37-15:65810144;GRCh38-15:65517806;;;
rs558699239;SEQ=[A/G/T];snv;downstream_transcript_variant;15;GRCh37-15:65734701;GRCh38-15:65442363;;;
rs553051454;SEQ=[C/T];snv;upstream_transcript_variant;15;GRCh37-15:65810752;GRCh38-15:65518414;;;
rs552998603;SEQ=[C/T];snv;upstream_transcript_variant;15;GRCh37-15:65811750;GRCh38-15:65519412;;;
rs551479369;SEQ=[A/G];snv;upstream_transcript_variant;15;GRCh37-15:65811513;GRCh38-15:65519175;;;
rs551423934;SEQ=[T/-/TT];delins;upstream_transcript_variant;15;GRCh37-15:65811668;GRCh38-15:65519330;;;
rs551235683;SEQ=[C/T];snv;upstream_transcript_variant;15;GRCh37-15:65810272;GRCh38-15:65517934;;;
rs547825355;SEQ=[G/C];snv;downstream_transcript_variant;15;GRCh37-15:65734501;GRCh38-15:65442163;;;
rs545099299;SEQ=[C/T];snv;upstream_transcript_variant;15;GRCh37-15:65810885;GRCh38-15:65518547;;;
rs544744509;SEQ=[G/A];snv;upstream_transcript_variant;15;GRCh37-15:65811933;GRCh38-15:65519595;;;
rs542977186;SEQ=[T/A];snv;upstream_transcript_variant;15;GRCh37-15:65810731;GRCh38-15:65518393;;;
rs542785929;SEQ=[T/C];snv;upstream_transcript_variant;15;GRCh37-15:65810045;GRCh38-15:65517707;;;
rs541141004;SEQ=[G/A];snv;downstream_transcript_variant;15;GRCh37-15:65734305;GRCh38-15:65441967;;;
rs540924470;SEQ=[G/A];snv;upstream_transcript_variant;15;GRCh37-15:65811965;GRCh38-15:65519627;;;
rs539680664;SEQ=[C/A];snv;downstream_transcript_variant;15;GRCh37-15:65734802;GRCh38-15:65442464;;;
rs537214021;SEQ=[T/C];snv;upstream_transcript_variant;15;GRCh37-15:65811674;GRCh38-15:65519336;;;
rs533839595;SEQ=[T/G];snv;downstream_transcript_variant;15;GRCh37-15:65734596;GRCh38-15:65442258;;;
rs530466047;SEQ=[G/A];snv;upstream_transcript_variant;15;GRCh37-15:65811959;GRCh38-15:65519621;;;
rs528955488;SEQ=[C/T];snv;upstream_transcript_variant;15;GRCh37-15:65810602;GRCh38-15:65518264;;;
rs528885054;SEQ=[A/T];snv;upstream_transcript_variant;15;GRCh37-15:65811156;GRCh38-15:65518818;;;
rs528680404;SEQ=[T/C/G];snv;upstream_transcript_variant;15;GRCh37-15:65810162;GRCh38-15:65517824;;;
rs528076661;SEQ=[G/A];snv;upstream_transcript_variant;15;GRCh37-15:65811973;GRCh38-15:65519635;;;
rs527963697;SEQ=[C/A];snv;upstream_transcript_variant;15;GRCh37-15:65811837;GRCh38-15:65519499;;;
rs377734425;SEQ=[AAAAAAAA/-/A/AA/AAA/AAAA/AAAAA/AAAAAA/AAAAAAA/AAAAAAAAA/AAAAAAAAAA];delins;upstream_transcript_variant;15;GRCh37-15:65811252;GRCh38-15:65518914;;;
rs376064360;SEQ=[G/T];snv;upstream_transcript_variant;15;GRCh37-15:65810634;GRCh38-15:65518296;;;
rs199860206;SEQ=[-/TGGAGACTGGG];delins;upstream_transcript_variant;15;GRCh37-15:65810152;GRCh38-15:65517813;;;
rs191522304;SEQ=[G/A];snv;upstream_transcript_variant;15;GRCh37-15:65810370;GRCh38-15:65518032;;;
rs189348554;SEQ=[A/G];snv;upstream_transcript_variant;15;GRCh37-15:65811096;GRCh38-15:65518758;;;
rs187396081;SEQ=[C/A];snv;upstream_transcript_variant;15;GRCh37-15:65810221;GRCh38-15:65517883;;;
rs185626991;SEQ=[A/G];snv;upstream_transcript_variant;15;GRCh37-15:65811469;GRCh38-15:65519131;;;
rs184513864;SEQ=[A/C];snv;upstream_transcript_variant;15;GRCh37-15:65810039;GRCh38-15:65517701;;;
rs184054124;SEQ=[C/A/T];snv;upstream_transcript_variant;15;GRCh37-15:65810718;GRCh38-15:65518380;;;
rs180985986;SEQ=[G/A];snv;upstream_transcript_variant;15;GRCh37-15:65811117;GRCh38-15:65518779;;;
rs150025963;SEQ=[G/A];snv;upstream_transcript_variant;15;GRCh37-15:65810175;GRCh38-15:65517837;;;
rs146782995;SEQ=[T/G];snv;upstream_transcript_variant;15;GRCh37-15:65811598;GRCh38-15:65519260;;;
rs145355847;SEQ=[G/A/C/T];snv;upstream_transcript_variant;15;GRCh37-15:65810239;GRCh38-15:65517901;;;
rs143916888;SEQ=[G/C];snv;upstream_transcript_variant;15;GRCh37-15:65811114;GRCh38-15:65518776;;;
rs143814405;SEQ=[T/C];snv;downstream_transcript_variant;15;GRCh37-15:65734465;GRCh38-15:65442127;;;
rs139355357;SEQ=[G/C];snv;upstream_transcript_variant;15;GRCh37-15:65810036;GRCh38-15:65517698;;;
rs138426504;SEQ=[AAAAAAAA/-/A/AA/AAA/AAAA/AAAAA/AAAAAA/AAAAAAA/AAAAAAAAA/AAAAAAAAAA];delins;upstream_transcript_variant;15;GRCh37-15:65811252;GRCh38-15:65518914;;;
rs116554883;SEQ=[T/G];snv;downstream_transcript_variant;15;GRCh37-15:65734614;GRCh38-15:65442276;;;
rs114590362;SEQ=[C/T];snv;downstream_transcript_variant;15;GRCh37-15:65734481;GRCh38-15:65442143;;;
rs114257233;SEQ=[T/A];snv;upstream_transcript_variant;15;GRCh37-15:65811691;GRCh38-15:65519353;;;
rs112092246;SEQ=[G/A];snv;upstream_transcript_variant;15;GRCh37-15:65811718;GRCh38-15:65519380;;;
rs78213566;SEQ=[T/C];snv;upstream_transcript_variant;15;GRCh37-15:65810321;GRCh38-15:65517983;;;
rs77195983;SEQ=[A/G];snv;upstream_transcript_variant;15;GRCh37-15:65811088;GRCh38-15:65518750;;;
rs74021118;SEQ=[A/G];snv;upstream_transcript_variant;15;GRCh37-15:65810524;GRCh38-15:65518186;;;
rs62015039;SEQ=[G/A];snv;downstream_transcript_variant;15;GRCh37-15:65734327;GRCh38-15:65441989;;;
rs60277504;SEQ=[C/T];snv;upstream_transcript_variant;15;GRCh37-15:65811179;GRCh38-15:65518841;;;
rs58367256;SEQ=[AAAAAAAA/-/A/AA/AAA/AAAA/AAAAA/AAAAAA/AAAAAAA/AAAAAAAAA/AAAAAAAAAA];delins;upstream_transcript_variant;15;GRCh37-15:65811252;GRCh38-15:65518914;;;
rs56131429;SEQ=[AAAAAAAA/-/A/AA/AAA/AAAA/AAAAA/AAAAAA/AAAAAAA/AAAAAAAAA/AAAAAAAAAA];delins;upstream_transcript_variant;15;GRCh37-15:65811252;GRCh38-15:65518914;;;
rs28695666;SEQ=[G/A];snv;downstream_transcript_variant;15;GRCh37-15:65734428;GRCh38-15:65442090;;;
rs8039978;SEQ=[C/T];snv;upstream_transcript_variant;15;GRCh37-15:65811179;GRCh38-15:65518841;;;
