ClinVar variant id;title;accession;description;type;protein change;Chr;assembly1;assembly2;assembly3;source id
685962;GRCh37/hg19 15q22.31(chr15:65258439-65742148)x3;VCV000685962;Uncertain significance;copy number gain;;15;GRCh37:65258439-65742148;not applicable:X-X;not applicable:X-X;MedGen (CN517202 )
685961;GRCh37/hg19 15q22.31(chr15:65258583-65742148)x3;VCV000685961;Uncertain significance;copy number gain;;15;GRCh37:65258583-65742148;not applicable:X-X;not applicable:X-X;MedGen (CN517202 )
614697;GRCh37/hg19 15q22.31(chr15:65800210-65822823)x1;VCV000614697;Benign;copy number loss;;15;GRCh37:65800210-65822823;not applicable:X-X;not applicable:X-X;MedGen (CN517202 )
614696;GRCh37/hg19 15q22.31(chr15:65756072-65819037)x1;VCV000614696;Benign;copy number loss;;15;GRCh37:65756072-65819037;not applicable:X-X;not applicable:X-X;MedGen (CN517202 )
614520;GRCh37/hg19 15q11.1-26.3(chr15:20071673-102461162)x3;VCV000614520;Pathogenic;copy number gain;;15;GRCh37:20071673-102461162;not applicable:X-X;not applicable:X-X;MedGen (CN517202 )
614519;GRCh37/hg19 15q11.1-26.3(chr15:20016811-102493540)x3;VCV000614519;Pathogenic;copy number gain;;15;GRCh37:20016811-102493540;not applicable:X-X;not applicable:X-X;MedGen (CN517202 )
560063;Single allele;VCV000560063;Likely pathogenic;Deletion;;15;GRCh37:63414894-66439797;not applicable:X-X;not applicable:X-X;Orphanet (171439 )
560049;Single allele;VCV000560049;Pathogenic;Duplication;;15;GRCh37:31115047-102354857;not applicable:X-X;not applicable:X-X;MedGen (CN517202 )
442893;GRCh37/hg19 15q11.2-26.3(chr15:22770422-102429112)x3;VCV000442893;Pathogenic;copy number gain;;15;GRCh37:22770422-102429112;not applicable:X-X;not applicable:X-X;dbVar (nssv13642551 nsv2775831)
442892;GRCh37/hg19 15q11.2-26.3(chr15:22770422-102429112);VCV000442892;Pathogenic;copy number gain;;15;GRCh37:22770422-102429112;not applicable:X-X;not applicable:X-X;dbVar (nssv13639800 nsv2775831)
395145;GRCh37/hg19 15q11.2-26.3(chr15:20733395-102511616)x4;VCV000395145;Pathogenic;copy number gain;;15;GRCh37:20733395-102511616;not applicable:X-X;not applicable:X-X;dbVar (nsv2776267 nssv13644289)
394887;GRCh37/hg19 15q15.1-26.3(chr15:41745084-102354798)x4;VCV000394887;Pathogenic;copy number gain;;15;GRCh37:41745084-102354798;not applicable:X-X;not applicable:X-X;dbVar (nssv13650085 nsv2774794)
369835;GRCh37/hg19 15q22.1-26.3(chr15:59297293-102480888)x3;VCV000369835;Likely pathogenic;copy number gain;;15;GRCh37:59297293-102480888;not applicable:X-X;not applicable:X-X;MedGen (CN517202 )
253516;GRCh37/hg19 15q22.31-26.3(chr15:64637227-102509910)x3;VCV000253516;Pathogenic;copy number gain;;15;GRCh37:64637227-102509910;not applicable:X-X;not applicable:X-X; ( )
154848;GRCh38/hg38 15q22.2-26.3(chr15:59828460-101920998)x3;VCV000154848;Pathogenic;copy number gain;;15;GRCh38:59828460-101920998;GRCh37:60120659-102461201;NCBI36:57907951-100278724;dbVar (nsv916182 nssv1602505)
58573;GRCh38/hg38 15q22.31(chr15:64448836-65975439)x3;VCV000058573;Pathogenic;copy number gain;;15;GRCh38:64448836-65975439;GRCh37:64741035-66267777;NCBI36:62528088-64054831;dbVar (nssv578688 nsv531056)
