dbVar variant id;variant region id;type;variant call id;variant call type;copy number;allele origin;subject phenotype;study ID;clinical assertion;ClinVar id;Chr;assembly1;assembly2;assembly3
49622522;nsv4456887;['copy number variation'];nssv15774988;copy number gain;3;unknown;not provided;nstd102;['Uncertain significance'];RCV000846669.1;15;GRCh37:65258583-65742148;GRCh38.p12:64966242-65449810;not applicable:X-X
49622176;nsv4456541;['copy number variation'];nssv15774989;copy number gain;3;unknown;not provided;nstd102;['Uncertain significance'];RCV000846670.1;15;GRCh37:65258439-65742148;GRCh38.p12:64966098-65449810;not applicable:X-X
49355208;nsv4360295;['copy number variation'];nssv15146047;copy number gain;3;not provided;See cases;nstd102;['Pathogenic'];RCV000142915.3;15;NCBI36:57907951-100278724;GRCh37.p13:60120659-102461201;GRCh38.p12:59828460-101920998
49345988;nsv4351075;['copy number variation'];nssv15147059;copy number gain;3;not provided;See cases;nstd102;['Pathogenic'];RCV000052344.4;15;NCBI36:62528088-64054831;GRCh37.p13:64741035-66267777;GRCh38.p12:64448836-65975439
48485512;nsv3922157;['copy number variation'];nssv15125478;copy number gain;3;not provided;See cases;nstd102;['Uncertain significance'];RCV000450456.1;15;NCBI36:29852369-100338915;GRCh37.p13:32065077-102521392;GRCh38.p12:31772874-101981189
48482823;nsv3919468;['copy number variation'];nssv15127602;copy number loss;1;not provided;See cases;nstd102;['Pathogenic'];RCV000453624.1;15;NCBI36:26996912-100338915;GRCh37.p13:29209620-102521392;GRCh38.p12:28917417-101981189
48482125;nsv3918770;['copy number variation'];nssv15128063;copy number loss;1;not provided;See cases;nstd102;['Uncertain significance'];RCV000452077.1;15;NCBI36:20280728-100338915;GRCh37.p13:22729364-102521392;GRCh38.p12:23319714-101981189
48481999;nsv3918644;['copy number variation'];nssv15124620;copy number loss;1;not provided;See cases;nstd102;['Uncertain significance'];RCV000449848.1;15;NCBI36:20313935-100338915;GRCh37.p13:22762571-102521392;GRCh38.p12:23319714-101981189
48479604;nsv3916249;['copy number variation'];nssv15127755;copy number loss;1;not provided;See cases;nstd102;['Pathogenic'];RCV000452010.1;15;NCBI36:21173967-100338915;GRCh37.p13:23622526-102521392;GRCh38.p12:23377379-101981189
48478565;nsv3915210;['copy number variation'];nssv15128162;copy number gain;3;not provided;See cases;nstd102;['Uncertain significance'];RCV000452450.1;15;NCBI36:28207117-100338915;GRCh37.p13:30419825-102521392;GRCh38.p12:30127622-101981189
48476936;nsv3913581;['copy number variation'];nssv15125410;copy number gain;3;not provided;See cases;nstd102;['Pathogenic'];RCV000450289.1;15;NCBI36:18323354-100338915;GRCh37.p13:20063340-102521392;GRCh38.p12:19858087-101981189
48475300;nsv3911945;['copy number variation'];nssv15126313;copy number gain;3;not provided;See cases;nstd102;['Uncertain significance'];RCV000450064.1;15;NCBI36:20203424-100338915;GRCh37.p13:22652060-102521392;GRCh38.p12:23319714-101981189
48468663;nsv3905308;['copy number variation'];nssv15147594;copy number gain;3;germline;not provided;nstd102;['Likely pathogenic'];RCV000415836.1;15;GRCh37:59297293-102480888;GRCh38.p12:59005094-101940685;not applicable:X-X
48468493;nsv3905138;['copy number variation'];nssv15149616;copy number gain;4;not provided;See cases;nstd102;['Pathogenic'];RCV000447765.1;15;GRCh37:20733395-102511616;GRCh38.p12:20528156-101971413;not applicable:X-X
48467441;nsv3904086;['copy number variation'];nssv15172190;copy number gain;3;unknown;not provided;nstd102;['Pathogenic'];RCV000751156.1;15;GRCh37:20071673-102461162;GRCh38.p12:19866420-101920959;not applicable:X-X
48463636;nsv3900281;['copy number variation'];nssv15172447;copy number gain;3;unknown;not provided;nstd102;['Pathogenic'];RCV000751155.1;15;GRCh37:20016811-102493540;GRCh38.p12:19811558-101953337;not applicable:X-X
48462914;nsv3899559;['copy number variation'];nssv15148445;copy number gain;4;not provided;See cases;nstd102;['Pathogenic'];RCV000447123.1;15;GRCh37:41745084-102354798;GRCh38.p12:41452886-101814595;not applicable:X-X
48458970;nsv3895615;['copy number variation'];nssv15147575;copy number gain;3;unknown;See cases;nstd102;['Pathogenic'];RCV000240602.1;15;GRCh37:64637227-102509910;GRCh38.p12:64345028-101969707;not applicable:X-X
48456447;nsv3893092;['copy number variation'];nssv15172274;copy number loss;1;unknown;not provided;nstd102;['Benign'];RCV000751333.1;15;GRCh37:65800210-65822823;GRCh38.p12:65507872-65530485;not applicable:X-X
48456310;nsv3892955;['copy number variation'];nssv15150618//nssv15150717;copy number gain//copy number gain;3//;not provided//not provided;See cases//See cases;nstd102;['Pathogenic'];RCV000510717.1//RCV000512019.1;15;GRCh37:22770422-102429112;GRCh38.p12:23319714-101888909;not applicable:X-X
48455372;nsv3892017;['copy number variation'];nssv15172488;copy number loss;1;unknown;not provided;nstd102;['Benign'];RCV000751332.1;15;GRCh37:65756072-65819037;GRCh38.p12:65463734-65526699;not applicable:X-X
48446628;nsv3883273;['copy number variation'];nssv15151659;deletion;1;de novo;"Childhood-onset nemaline myopathy; NEMALINE MYOPATHY 6; NEM6; Nemaline myopathy 6";nstd102;['Likely pathogenic'];RCV000677940.1;15;GRCh37:63414894-66439797;GRCh38.p12:63122695-66147459;not applicable:X-X
48440267;nsv3876912;['copy number variation'];nssv15151655;duplication;3;de novo;not provided;nstd102;['Pathogenic'];RCV000677926.1;15;GRCh37:31115047-102354857;GRCh38.p12:30822844-101814654;not applicable:X-X
45807182;nsv2779140;['copy number variation'];nssv13654897;copy number loss;1;not provided;Developmental delay AND/OR other significant developmental or morphological phenotypes;nstd37;['Pathogenic'];SCV000499163;15;NCBI36:21173967-100338915;GRCh37.p13:23622526-102521392;GRCh38.p12:23377379-101981189
45806585;nsv2778543;['copy number variation'];nssv13646205;copy number gain;3;not provided;Developmental delay AND/OR other significant developmental or morphological phenotypes;nstd37;['Pathogenic'];SCV000498930;15;NCBI36:18323354-100338915;GRCh37.p13:20063340-102521392;GRCh38.p12:19858087-101981189
45805231;nsv2777189;['copy number variation'];nssv13645395;copy number loss;1;not provided;Global developmental delay;nstd37;['Pathogenic'];SCV000498357;15;NCBI36:26996912-100338915;GRCh37.p13:29209620-102521392;GRCh38.p12:28917417-101981189
45804309;nsv2776267;['copy number variation'];nssv13644289;copy number gain;4;not provided;Developmental delay AND/OR other significant developmental or morphological phenotypes;nstd37;['Pathogenic'];SCV000500633;15;GRCh37:20733395-102511616;GRCh38.p12:20528156-101971413;not applicable:X-X
45803873;nsv2775831;['copy number variation'];nssv13639800//nssv13642551;copy number gain//copy number gain;2-3//3;not provided//not provided;"Abnormality of the ear; Polydactyly; Short stature; obsolete Malformation of the heart and great vessels//Abnormal facial shape; Intrauterine growth retardation; Micrognathia; Syndactyly; Ventricular septal defect";nstd37;['Pathogenic'];SCV000585568//SCV000585569;15;GRCh37:22770422-102429112;GRCh38.p12:23319714-101888909;not applicable:X-X
45802836;nsv2774794;['copy number variation'];nssv13650085;copy number gain;4;not provided;Developmental delay AND/OR other significant developmental or morphological phenotypes;nstd37;['Pathogenic'];SCV000500375;15;GRCh37:41745084-102354798;GRCh38.p12:41452886-101814595;not applicable:X-X
45802124;nsv2774082;['copy number variation'];nssv13652163;copy number gain;3;not provided;Global developmental delay;nstd37;['Uncertain significance'];SCV000497105;15;NCBI36:28207117-100338915;GRCh37.p13:30419825-102521392;GRCh38.p12:30127622-101981189
45799722;nsv2771680;['copy number variation'];nssv13650232;copy number loss;1;not provided;Global developmental delay;nstd37;['Uncertain significance'];SCV000496158;15;NCBI36:20313935-100338915;GRCh37.p13:22762571-102521392;GRCh38.p12:23319714-101981189
45799681;nsv2771639;['copy number variation'];nssv13640373;copy number loss;1;not provided;Developmental delay AND/OR other significant developmental or morphological phenotypes;nstd37;['Uncertain significance'];SCV000496143;15;NCBI36:20280728-100338915;GRCh37.p13:22729364-102521392;GRCh38.p12:23319714-101981189
45799559;nsv2771517;['copy number variation'];nssv13640524;copy number gain;3;not provided;Global developmental delay;nstd37;['Uncertain significance'];SCV000496098;15;NCBI36:20203424-100338915;GRCh37.p13:22652060-102521392;GRCh38.p12:23319714-101981189
45798958;nsv2770916;['copy number variation'];nssv13641065//nssv13652627;copy number gain//copy number gain;3//3;not provided//not provided;Developmental delay AND/OR other significant developmental or morphological phenotypes//Developmental delay AND/OR other significant developmental or morphological phenotypes;nstd37;['Uncertain significance'];SCV000495844//SCV000495844;15;NCBI36:29852369-100338915;GRCh37.p13:32065077-102521392;GRCh38.p12:31772874-101981189
11417959;nsv916182;['copy number variation'];nssv1602505;copy number gain;3;not provided;"Abnormal facial shape; Micrognathia";nstd37;['Pathogenic'];SCV000179305;15;NCBI36:57907951-100278724;GRCh37.p13:60120659-102461201;GRCh38.p12:59828460-101920998
3738417;nsv531056;['copy number variation'];nssv578688;copy number gain;3;not provided;Developmental delay AND/OR other significant developmental or morphological phenotypes;nstd101;['Pathogenic'];SCV000079696;15;NCBI36:62528088-64054831;GRCh37.p13:64741035-66267777;GRCh38.p12:64448836-65975439
