dbSNP_variant_id;allele;variation type;functional consequence;Chr;assembly1;assembly2;PMID;title;author
rs12610495;D;snv;intron_variant;19;GRCh37-19:4717672;GRCh38-19:4717660;23583980/26792595...;Genome-wide association study identifies multiple susceptibility loci for pulmonary fibrosis./Genetic susceptibility loci of idiopathic interstitial pneumonia do not represent risk for systemic sclerosis: a case control study in Caucasian patients....;Fingerlin TE et al./Wu M et al....
rs11670570;R;snv;downstream_transcript_variant;19;GRCh37-19:4674799;GRCh38-19:4674787;22695700;The genetic epidemiology of idiopathic scoliosis.;Gorman KF et al.
rs10406145;V;snv;intron_variant/genic_downstream_transcript_variant;19;GRCh37-19:4692354;GRCh38-19:4692342;22695700;The genetic epidemiology of idiopathic scoliosis.;Gorman KF et al.
rs3059236;N;delins;intron_variant;19;GRCh37-19:4719339;GRCh38-19:4719327;20532223;Characteristics of transposable element exonization within human and mouse.;Sela N et al.
rs2277733;Y;snv;intron_variant;19;GRCh37-19:4714044;GRCh38-19:4714032;22695700;The genetic epidemiology of idiopathic scoliosis.;Gorman KF et al.
rs2109069;R;snv;intron_variant;19;GRCh37-19:4719443;GRCh38-19:4719431;23583980;Genome-wide association study identifies multiple susceptibility loci for pulmonary fibrosis.;Fingerlin TE et al.
rs732631;B;snv;intron_variant;19;GRCh37-19:4719025;GRCh38-19:4719013;22695700;The genetic epidemiology of idiopathic scoliosis.;Gorman KF et al.
