dbVar_variant_id;variant_region_id;type;variant_call_id;variant_call_type;copy_number;allele_origin;subject_phenotype;study_ID;clinical_assertion;ClinVar_id;Chr;assembly1;assembly2;assembly3
49623411;nsv4457776;['copy number variation'];nssv15775218;copy number gain;3;unknown;not provided;nstd102;['Pathogenic'];RCV000846988.1;19;GRCh37:260911-4788357;GRCh38.p12:260911-4788345;not applicable:X-X
49353191;nsv4358278;['copy number variation'];nssv15146429;copy number gain;3;de novo;See cases;nstd102;['Pathogenic'];RCV000052575.5;19;NCBI36:184565-4650484;GRCh37.p13:233565-4699484;GRCh38.p12:233565-4699472
49353005;nsv4358092;['copy number variation'];nssv15146033;copy number gain;3;paternal;See cases;nstd102;['Pathogenic'];RCV000142627.3;19;NCBI36:210395-6746622;GRCh37.p13:259395-6795622;GRCh38.p12:259395-6795611
49350830;nsv4355917;['copy number variation'];nssv15121173;copy number gain;3;de novo;See cases;nstd102;['Pathogenic'];RCV000052880.4;19;NCBI36:3959558-4714171;GRCh37.p13:4008558-4763171;GRCh38.p12:4008560-4763159
49349701;nsv4354788;['copy number variation'];nssv15146497;copy number loss;1;not provided;See cases;nstd102;['Pathogenic'];RCV000053943.4;19;NCBI36:3505633-4641977;GRCh37.p13:3554633-4690977;GRCh38.p12:3554635-4690965
49349293;nsv4354380;['copy number variation'];nssv15147143;copy number gain;3;not provided;See cases;nstd102;['Pathogenic'];RCV000052879.5;19;NCBI36:1923244-9620555;GRCh37.p13:1972244-9759555;GRCh38.p12:1972245-9648879
49345450;nsv4350537;['copy number variation'];nssv15606078;copy number loss;;de novo;not provided;nstd102;['Pathogenic'];RCV000767742.1;19;GRCh37:3076808-4796782;GRCh38.p12:3076810-4796770;not applicable:X-X
49344315;nsv4349402;['copy number variation'];nssv15146640;copy number loss;1;not provided;See cases;nstd102;['Pathogenic'];RCV000134482.3;19;GRCh37:3338022-4833151;GRCh38.p12:3338024-4833139;not applicable:X-X
48468240;nsv3904885;['copy number variation'];nssv15173860;copy number gain;3;unknown;not provided;nstd102;['Pathogenic'];RCV000752439.1;19;GRCh37:68029-59110290;GRCh38.p12:68029-58598923;not applicable:X-X
48466558;nsv3903203;['copy number variation'];nssv15173861;copy number gain;3;unknown;not provided;nstd102;['Pathogenic'];RCV000752444.1;19;GRCh37:260912-59097160;GRCh38.p12:260912-58585793;not applicable:X-X
48466447;nsv3903092;['copy number variation'];nssv15150638//nssv15150782;copy number gain//copy number gain;3//;not provided//not provided;See cases//See cases;nstd102;['Pathogenic'];RCV000511289.1//RCV000512296.1;19;GRCh37:260912-58956888;GRCh38.p12:260912-58445521;not applicable:X-X
48453939;nsv3890584;['copy number variation'];nssv15155593;copy number gain;3;germline;not provided;nstd102;['Pathogenic'];RCV000684096.1;19;GRCh37:3120160-9732820;GRCh38.p12:3120162-9622144;not applicable:X-X
45807136;nsv2779094;['copy number variation'];nssv13639328//nssv13646143;copy number gain//copy number gain;3//2-3;not provided//not provided;"Abnormal facial shape; Intrauterine growth retardation; Micrognathia; Syndactyly; Ventricular septal defect//Abnormality of the ear; Polydactyly; Short stature; obsolete Malformation of the heart and great vessels";nstd37;['Pathogenic'];SCV000586174//SCV000586175;19;GRCh37:260912-58956888;GRCh38.p12:260912-58445521;not applicable:X-X
3740775;nsv533414;['copy number variation'];nssv707112;copy number gain;3;paternal;"Abnormal facial shape; Growth delay; Microcephaly; Premature birth";nstd37;['Pathogenic'];SCV000176164;19;NCBI36:210395-6746622;GRCh37.p13:259395-6795622;GRCh38.p12:259395-6795611
3739972;nsv532611;['copy number variation'];nssv577674;copy number loss;1;not provided;Developmental delay AND/OR other significant developmental or morphological phenotypes;nstd101;['Pathogenic'];SCV000081306;19;NCBI36:3505633-4641977;GRCh37.p13:3554633-4690977;GRCh38.p12:3554635-4690965
3738955;nsv531594;['copy number variation'];nssv578797;copy number gain;3;de novo;Global developmental delay;nstd101;['Pathogenic'];SCV000080234;19;NCBI36:3959558-4714171;GRCh37.p13:4008558-4763171;GRCh38.p12:4008560-4763159
3738954;nsv531593;['copy number variation'];nssv578796;copy number gain;3;not provided;Developmental delay AND/OR other significant developmental or morphological phenotypes;nstd101;['Pathogenic'];SCV000080233;19;NCBI36:1923244-9620555;GRCh37.p13:1972244-9759555;GRCh38.p12:1972245-9648879
3738649;nsv531288;['copy number variation'];nssv578788;copy number gain;3;de novo;"Abnormal facial shape; Global developmental delay; Intrauterine growth retardation; Microcephaly; Short stature";nstd101;['Pathogenic'];SCV000079929;19;NCBI36:184565-4650484;GRCh37.p13:233565-4699484;GRCh38.p12:233565-4699472
1212838;nsv497563;['copy number variation'];nssv583648;copy number loss;1;not provided;Developmental delay AND/OR other significant developmental or morphological phenotypes;nstd37;['Pathogenic'];SCV000174037;19;GRCh37:3338022-4833151;GRCh38.p12:3338024-4833139;not applicable:X-X
