dbVar_variant_id;variant_region_id;type;variant_call_id;variant_call_type;sample_id;zygosity;subject_phenotype;study_ID;clinical_assertion;Chr;assembly1;assembly2;assembly3
49597698;nsv4441348;['insertion'];nssv15759078;insertion;;;;nstd175;[];19;GRCh37:4702853-4702853;GRCh38.p12:4702841-4702841;not applicable:X-X
48530760;nsv3936771;['insertion'];nssv15186820;insertion;SAMN03283347;Homozygous;;nstd167;[];19;GRCh37:4702853-4702853;GRCh38.p12:4702841-4702841;not applicable:X-X
47753859;nsv3551249;['insertion'];nssv14393437//nssv14419954...;insertion//insertion...;SAMN00001696//HG00514...;;;nstd152;[];19;GRCh38:4702849-4702850;GRCh37.p13:4702861-4702862;not applicable:X-X
47564069;nsv3361472;['insertion'];nssv14592233//nssv14592638...;insertion//insertion...;SAMN02744161//SAMN05603745...;;;nstd162;[];19;GRCh38:4702844-4702844;GRCh37.p13:4702856-4702856;not applicable:X-X
45897195;nsv2799903;['insertion'];nssv13678969;insertion;;;;nstd137;[];19;GRCh38:4702844-4702844;GRCh37.p13:4702856-4702856;not applicable:X-X
45896455;nsv2799163;['insertion'];nssv13696220;insertion;;;;nstd137;[];19;GRCh38:4702842-4702842;GRCh37.p13:4702854-4702854;not applicable:X-X
14212055;esv2961796;['insertion'];essv7231363;insertion;HuRef;Heterozygous;;estd209;[];19;GRCh37:4687815-4687815;GRCh38.p12:4687803-4687803;not applicable:X-X
14211117;esv2961797;['insertion'];essv7231364;insertion;HuRef;Heterozygous;;estd209;[];19;GRCh37:4720031-4720031;GRCh38.p12:4720019-4720019;not applicable:X-X
14209696;esv2961798;['insertion'];essv7231365;insertion;HuRef;Heterozygous;;estd209;[];19;GRCh37:4720052-4720052;GRCh38.p12:4720040-4720040;not applicable:X-X
8023314;esv1575347;['insertion'];essv4244952;insertion;HuRef;Homozygous;;estd22;[];19;NCBI36:4631267-4631267;GRCh37.p13:4680267-4680267;GRCh38.p12:4680255-4680255
7738722;esv1292195;['insertion'];essv3808196;insertion;HuRef;Heterozygous;;estd22;[];19;NCBI36:4654498-4654498;GRCh37.p13:4703498-4703498;GRCh38.p12:4703486-4703486
7694891;esv1247525;['insertion'];essv3703387;insertion;HuRef;Homozygous;;estd22;[];19;NCBI36:4671052-4671052;GRCh37.p13:4720052-4720052;GRCh38.p12:4720040-4720040
7590450;esv1143479;['insertion'];essv4283939;insertion;HuRef;Heterozygous;;estd22;[];19;NCBI36:4647019-4647019;GRCh37.p13:4696019-4696019;GRCh38.p12:4696007-4696007
7474153;esv1027267;['insertion'];essv4305378;insertion;HuRef;Homozygous;;estd22;[];19;NCBI36:4671038-4671038;GRCh37.p13:4720038-4720038;GRCh38.p12:4720026-4720026
6477950;esv2181832;['insertion'];essv4736780;insertion;NA18507;;;estd194;[];19;NCBI36:4624592-4624592;GRCh37.p13:4673592-4673592;GRCh38.p12:4673580-4673580
6451851;esv2244650;['insertion'];essv4560125;insertion;NA18507;;;estd194;[];19;NCBI36:4671053-4671053;GRCh37.p13:4720053-4720053;GRCh38.p12:4720041-4720041
6354196;esv2099092;['insertion'];essv4630668;insertion;NA18507;;;estd194;[];19;NCBI36:4671032-4671032;GRCh37.p13:4720032-4720032;GRCh38.p12:4720020-4720020
5431842;esv2638164;['insertion'];essv5200902;insertion;NA18507;;;estd197;[];19;NCBI36:4671052-4671052;GRCh37.p13:4720052-4720052;GRCh38.p12:4720040-4720040
286824;nsv135373;['insertion'];nssv153951;insertion;;;;nstd6;[];19;NCBI35:4624591-4624591;GRCh37.p13:4673591-4673591;GRCh38.p12:4673579-4673579
285317;nsv133866;['insertion'];nssv152444;insertion;;;;nstd6;[];19;NCBI35:4670350-4670350;GRCh37.p13:4719350-4719350;GRCh38.p12:4719338-4719338
284926;nsv133475;['insertion'];nssv152053;insertion;;;;nstd6;[];19;NCBI35:4670339-4670339;GRCh37.p13:4719339-4719339;GRCh38.p12:4719327-4719327
