ClinVar_variant_id;title;accession;type;description;protein_change;Chr;assembly1;assembly2;assembly3;source_id
686280;GRCh37/hg19 19p13.3(chr19:260911-4788357)x3;VCV000686280;copy number gain;Pathogenic;;19;GRCh37:260911-4788357;not applicable:X-X;not applicable:X-X;MedGen (CN517202 )
625734;GRCh37/hg19 19p13.3(chr19:3076808-4796782);VCV000625734;copy number loss;Pathogenic;;19;GRCh37:3076808-4796782;not applicable:X-X;not applicable:X-X;MedGen (CN517202 )
615908;GRCh37/hg19 19p13.3(chr19:4687075-4694080)x1;VCV000615908;copy number loss;Benign;;19;GRCh37:4687075-4694080;not applicable:X-X;not applicable:X-X;MedGen (CN517202 )
615808;GRCh37/hg19 19p13.3-q13.43(chr19:260912-59097160)x3;VCV000615808;copy number gain;Pathogenic;;19;GRCh37:260912-59097160;not applicable:X-X;not applicable:X-X;MedGen (CN517202 )
615803;GRCh37/hg19 19p13.3-q13.43(chr19:68029-59110290)x3;VCV000615803;copy number gain;Pathogenic;;19;GRCh37:68029-59110290;not applicable:X-X;not applicable:X-X;MedGen (CN517202 )
564607;GRCh37/hg19 19p13.3-13.2(chr19:3120160-9732820)x3;VCV000564607;copy number gain;Pathogenic;;19;GRCh37:3120160-9732820;not applicable:X-X;not applicable:X-X;MedGen (CN517202 )
443499;GRCh37/hg19 19p13.3-q13.43(chr19:260912-58956888);VCV000443499;copy number gain;Pathogenic;;19;GRCh37:260912-58956888;not applicable:X-X;not applicable:X-X;dbVar (nssv13646143 nsv2779094)
443498;GRCh37/hg19 19p13.3-q13.43(chr19:260912-58956888)x3;VCV000443498;copy number gain;Pathogenic;;19;GRCh37:260912-58956888;not applicable:X-X;not applicable:X-X;dbVar (nssv13639328 nsv2779094)
155547;GRCh38/hg38 19p13.3(chr19:3788727-5147354)x1;VCV000155547;copy number loss;Likely pathogenic;;19;GRCh38:3788727-5147354;GRCh37:3788725-5147365;NCBI36:3739725-5098365;dbVar (nssv3395064 nsv995847)
154560;GRCh38/hg38 19p13.3(chr19:259395-6795611)x3;VCV000154560;copy number gain;Pathogenic;;19;GRCh38:259395-6795611;GRCh37:259395-6795622;NCBI36:210395-6746622;dbVar (nssv707112 nsv533414)
148645;GRCh38/hg38 19p13.3(chr19:3080621-4912622)x3;VCV000148645;copy number gain;Likely pathogenic;;19;GRCh38:3080621-4912622;GRCh37:3080619-4912634;NCBI36:3031619-4863634;dbVar (nssv1495551 nsv868889)
145080;GRCh38/hg38 19p13.3(chr19:3338024-4833139)x1;VCV000145080;copy number loss;Pathogenic;;19;GRCh38:3338024-4833139;GRCh37:3338022-4833151;NCBI36:3289022-4784151;dbVar (nssv583648 nsv497563)
144751;GRCh38/hg38 19p13.3(chr19:3947934-5196676)x3;VCV000144751;copy number gain;Uncertain significance;;19;GRCh38:3947934-5196676;GRCh37:3947932-5196687;NCBI36:3898932-5147687;dbVar (nssv576366 nsv492284)
60071;GRCh38/hg38 19p13.3(chr19:3554635-4690965)x1;VCV000060071;copy number loss;Pathogenic;;19;GRCh38:3554635-4690965;GRCh37:3554633-4690977;NCBI36:3505633-4641977;dbVar (nssv577674 nsv532611)
59083;GRCh38/hg38 19p13.3(chr19:4008560-4763159)x3;VCV000059083;copy number gain;Pathogenic;;19;GRCh38:4008560-4763159;GRCh37:4008558-4763171;NCBI36:3959558-4714171;dbVar (nssv578797 nsv531594)
59082;GRCh38/hg38 19p13.3-13.2(chr19:1972245-9648879)x3;VCV000059082;copy number gain;Pathogenic;;19;GRCh38:1972245-9648879;GRCh37:1972244-9759555;NCBI36:1923244-9620555;dbVar (nssv578796 nsv531593)
58787;GRCh38/hg38 19p13.3(chr19:233565-4699472)x3;VCV000058787;copy number gain;Pathogenic;;19;GRCh38:233565-4699472;GRCh37:233565-4699484;NCBI36:184565-4650484;dbVar (nssv578788 nsv531288)
57480;GRCh38/hg38 19p13.3(chr19:4417986-4721866)x1;VCV000057480;copy number loss;Uncertain significance;;19;GRCh38:4417986-4721866;GRCh37:4417983-4721878;NCBI36:4368983-4672878;dbVar (nssv580436 nsv529733)
