transcript_id;description;transcript_variant;accession;Chr;length_in_bp
1370476185;PREDICTED: Homo sapiens dipeptidyl peptidase 9 (DPP9); transcript variant X8;XM_024451770.1;Chr19;4446
1034610004;PREDICTED: Homo sapiens dipeptidyl peptidase 9 (DPP9); transcript variant X4;XM_017027454.1;Chr19;5136
1034610002;PREDICTED: Homo sapiens dipeptidyl peptidase 9 (DPP9); transcript variant X2;XM_017027453.1;Chr19;5026
768004630;PREDICTED: Homo sapiens dipeptidyl peptidase 9 (DPP9); transcript variant X9;XR_936213.1;Chr19;5387
768004626;PREDICTED: Homo sapiens dipeptidyl peptidase 9 (DPP9); transcript variant X7;XM_011528410.1;Chr19;4436
768004622;PREDICTED: Homo sapiens dipeptidyl peptidase 9 (DPP9); transcript variant X5;XM_011528408.1;Chr19;4221
768004618;PREDICTED: Homo sapiens dipeptidyl peptidase 9 (DPP9); transcript variant X3;XM_011528406.1;Chr19;4546
768004616;PREDICTED: Homo sapiens dipeptidyl peptidase 9 (DPP9); transcript variant X1;XM_011528405.1;Chr19;4436
578833714;PREDICTED: Homo sapiens dipeptidyl peptidase 9 (DPP9); transcript variant X6;XM_005259673.2;Chr19;4384
1677498370;Homo sapiens dipeptidyl peptidase 9 (DPP9); transcript variant 2;NM_001365987.2;Chr19;2293
1677499978;Homo sapiens dipeptidyl peptidase 9 (DPP9); transcript variant 1;NM_139159.5;Chr19;4273
1700660497;Homo sapiens dipeptidyl peptidase 9 (DPP9); transcript variant 3;NR_158699.2;Chr19;4408
