dbVar_variant_id;variant_region_id;type;variant_call_id;variant_call_type;sample_id;zygosity;study_ID;clinical_assertion;Chr;assembly1;assembly2
45766976;nsv2768219;['copy-neutral loss of heterozygosity'];nssv13638294;copy-neutral loss of heterozygosity;13;;nstd125;[];19;GRCh38.p12:260911-20692745;GRCh37:260911-20875551
45766975;nsv2768218;['copy-neutral loss of heterozygosity'];nssv13638310;copy-neutral loss of heterozygosity;23;;nstd125;[];19;GRCh38.p12:260911-19745645;GRCh37:260911-19856454
45766974;nsv2768217;['copy-neutral loss of heterozygosity'];nssv13638305;copy-neutral loss of heterozygosity;20;;nstd125;[];19;GRCh38.p12:260911-16062156;GRCh37:260911-16172966
25051250;nsv1151255;['translocation'];nssv4003820;interchromosomal translocation;KWB1;;nstd107;[];1;GRCh37:191099260-191099260;GRCh37:4703780-4703780
24727511;esv3804543;['tandem duplication'];essv16633160;tandem duplication;1842537;;estd192;[];19;GRCh37:3332057-31295995;GRCh38.p12:3332059-30805088
24723912;esv3786264;['tandem duplication'];essv16612798;tandem duplication;2196214;;estd192;[];19;GRCh37:4642647-5005384;GRCh38.p12:4642635-5005373
24569817;esv3657124;['complex substitution'];essv16480615;complex substitution;;;estd217;[];19;GRCh37:4680659-4680722;GRCh38.p12:4680647-4680710
11502622;esv26771;['sequence alteration'];esv10294;copy number variation;;;estd20;[];19;NCBI36:4643171-4645141;GRCh37.p13:4692171-4694141
1045519;nsv480151;['novel sequence insertion'];nssv3015189;novel sequence insertion;;;nstd35;[];19;NCBI35:4657087-4657087;GRCh37.p13:4706087-4706087
1042554;nsv477186;['novel sequence insertion'];nssv3016828;novel sequence insertion;SAMN00001588;;nstd35;[];19;NCBI35:4657194-4657194;GRCh37.p13:4706194-4706194
