dbVar_variant_id;variant_region_id;type;variant_call_id;variant_call_type;sample_id;zygosity;subject_phenotype;study_ID;clinical_assertion;Chr;assembly1;assembly2;assembly3
35728959;nsv1967407;['short tandem repeat'];nssv10605101//nssv10605102...;short tandem repeat//short tandem repeat...;;;;nstd128;[];19;GRCh37:4719339-4719382;GRCh38.p12:4719327-4719370;not applicable:X-X
35728956;nsv1967404;['short tandem repeat'];nssv10605098//nssv10605099...;short tandem repeat//short tandem repeat...;;;;nstd128;[];19;GRCh37:4716649-4716679;GRCh38.p12:4716637-4716667;not applicable:X-X
35728945;nsv1967393;['short tandem repeat'];nssv10605075//nssv10605076...;short tandem repeat//short tandem repeat...;;;;nstd128;[];19;GRCh37:4703483-4703498;GRCh38.p12:4703471-4703486;not applicable:X-X
35728942;nsv1967390;['short tandem repeat'];nssv10605074;short tandem repeat;;;;nstd128;[];19;GRCh37:4702810-4702827;GRCh38.p12:4702798-4702815;not applicable:X-X
35728939;nsv1967387;['short tandem repeat'];nssv10605069//nssv10605070;short tandem repeat//short tandem repeat;;;;nstd128;[];19;GRCh37:4701482-4701506;GRCh38.p12:4701470-4701494;not applicable:X-X
35728922;nsv1967370;['short tandem repeat'];nssv10605051;short tandem repeat;;;;nstd128;[];19;GRCh37:4691323-4691338;GRCh38.p12:4691311-4691326;not applicable:X-X
35728913;nsv1967361;['short tandem repeat'];nssv10605043//nssv10605044...;short tandem repeat//short tandem repeat...;;;;nstd128;[];19;GRCh37:4686118-4686146;GRCh38.p12:4686106-4686134;not applicable:X-X
35728902;nsv1967350;['short tandem repeat'];nssv10605036;short tandem repeat;;;;nstd128;[];19;GRCh37:4680967-4680983;GRCh38.p12:4680955-4680971;not applicable:X-X
35728888;nsv1967336;['short tandem repeat'];nssv10605028//nssv10605029...;short tandem repeat//short tandem repeat...;;;;nstd128;[];19;GRCh37:4678104-4678142;GRCh38.p12:4678092-4678130;not applicable:X-X
35728883;nsv1967331;['short tandem repeat'];nssv10605027;short tandem repeat;;;;nstd128;[];19;GRCh37:4675782-4675799;GRCh38.p12:4675770-4675787;not applicable:X-X
35728872;nsv1967320;['short tandem repeat'];nssv10605020//nssv10605021...;short tandem repeat//short tandem repeat...;;;;nstd128;[];19;GRCh37:4674201-4674211;GRCh38.p12:4674189-4674199;not applicable:X-X
35728679;nsv1967127;['short tandem repeat'];nssv10605091//nssv10605092...;short tandem repeat//short tandem repeat...;;;;nstd128;[];19;GRCh37:4715019-4715030;GRCh38.p12:4715007-4715018;not applicable:X-X
35728652;nsv1967100;['short tandem repeat'];nssv10605059;short tandem repeat;;;;nstd128;[];19;GRCh37:4695897-4695925;GRCh38.p12:4695885-4695913;not applicable:X-X
35728650;nsv1967098;['short tandem repeat'];nssv10605057;short tandem repeat;;;;nstd128;[];19;GRCh37:4694999-4695014;GRCh38.p12:4694987-4695002;not applicable:X-X
35728640;nsv1967088;['short tandem repeat'];nssv10605046//nssv10605047;short tandem repeat//short tandem repeat;;;;nstd128;[];19;GRCh37:4687816-4687827;GRCh38.p12:4687804-4687815;not applicable:X-X
35728610;nsv1967058;['short tandem repeat'];nssv10605023//nssv10605024...;short tandem repeat//short tandem repeat...;;;;nstd128;[];19;GRCh37:4674359-4674374;GRCh38.p12:4674347-4674362;not applicable:X-X
35728601;nsv1967049;['short tandem repeat'];nssv10605015//nssv10605016...;short tandem repeat//short tandem repeat...;;;;nstd128;[];19;GRCh37:4673754-4673769;GRCh38.p12:4673742-4673757;not applicable:X-X
35728076;nsv1966524;['short tandem repeat'];nssv10605085//nssv10605086...;short tandem repeat//short tandem repeat...;;;;nstd128;[];19;GRCh37:4706343-4706386;GRCh38.p12:4706331-4706374;not applicable:X-X
35727391;nsv1965839;['short tandem repeat'];nssv10605066//nssv10605067...;short tandem repeat//short tandem repeat...;;;;nstd128;[];19;GRCh37:4697111-4697122;GRCh38.p12:4697099-4697110;not applicable:X-X
35727380;nsv1965828;['short tandem repeat'];nssv10605081//nssv10605082...;short tandem repeat//short tandem repeat...;;;;nstd128;[];19;GRCh37:4703694-4703716;GRCh38.p12:4703682-4703704;not applicable:X-X
35727364;nsv1965812;['short tandem repeat'];nssv10605072;short tandem repeat;;;;nstd128;[];19;GRCh37:4701591-4701605;GRCh38.p12:4701579-4701593;not applicable:X-X
35727355;nsv1965803;['short tandem repeat'];nssv10605064//nssv10605065;short tandem repeat//short tandem repeat;;;;nstd128;[];19;GRCh37:4696760-4696770;GRCh38.p12:4696748-4696758;not applicable:X-X
35727352;nsv1965800;['short tandem repeat'];nssv10605060//nssv10605061...;short tandem repeat//short tandem repeat...;;;;nstd128;[];19;GRCh37:4696475-4696490;GRCh38.p12:4696463-4696478;not applicable:X-X
35727332;nsv1965780;['short tandem repeat'];nssv10605042;short tandem repeat;;;;nstd128;[];19;GRCh37:4683112-4683127;GRCh38.p12:4683100-4683115;not applicable:X-X
35727324;nsv1965772;['short tandem repeat'];nssv10605033//nssv10605034;short tandem repeat//short tandem repeat;;;;nstd128;[];19;GRCh37:4680425-4680442;GRCh38.p12:4680413-4680430;not applicable:X-X
35726686;nsv1965134;['short tandem repeat'];nssv10605052//nssv10605053...;short tandem repeat//short tandem repeat...;;;;nstd128;[];19;GRCh37:4691486-4691511;GRCh38.p12:4691474-4691499;not applicable:X-X
35726677;nsv1965125;['short tandem repeat'];nssv10605049;short tandem repeat;;;;nstd128;[];19;GRCh37:4690973-4690987;GRCh38.p12:4690961-4690975;not applicable:X-X
35726669;nsv1965117;['short tandem repeat'];nssv10605040;short tandem repeat;;;;nstd128;[];19;GRCh37:4682879-4682893;GRCh38.p12:4682867-4682881;not applicable:X-X
35726663;nsv1965111;['short tandem repeat'];nssv10605038;short tandem repeat;;;;nstd128;[];19;GRCh37:4681576-4681591;GRCh38.p12:4681564-4681579;not applicable:X-X
35726639;nsv1965087;['short tandem repeat'];nssv10605019;short tandem repeat;;;;nstd128;[];19;GRCh37:4673902-4673923;GRCh38.p12:4673890-4673911;not applicable:X-X
