dbVar_variant_id;variant_region_id;type;variant_call_id;variant_call_type;sample_id;zygosity;subject_phenotype;study_ID;clinical_assertion;Chr;assembly1;assembly2;assembly3
50266553;nsv4673015;['copy number variation'];nssv16204940;deletion;;;;nstd186;[];19;GRCh37:4691762-4694131;GRCh38.p12:4691750-4694119;not applicable:X-X
50172638;nsv4630813;['copy number variation'];nssv16151288;deletion;;;;nstd183;[];19;GRCh37:4691762-4694131;GRCh38.p12:4691750-4694119;not applicable:X-X
50162012;nsv4620187;['copy number variation'];nssv16135155//nssv16142785;deletion//deletion;;;;nstd183;[];19;GRCh37:4692171-4694141;GRCh38.p12:4692159-4694129;not applicable:X-X
49561462;nsv4428165;['copy number variation'];nssv15726504;copy number loss;;;;nstd174;[];19;GRCh37:4691727-4694141;GRCh38.p12:4691715-4694129;not applicable:X-X
49257907;nsv4264421;['copy number variation'];nssv15841874;deletion;;;;nstd166;[];19;GRCh37.p13:4709206-4709267;GRCh38.p12:4709194-4709255;not applicable:X-X
49256041;nsv4262555;['copy number variation'];nssv15841872;deletion;;;;nstd166;[];19;GRCh37.p13:4677301-4678695;GRCh38.p12:4677289-4678683;not applicable:X-X
49253682;nsv4260196;['copy number variation'];nssv15841875;deletion;;;;nstd166;[];19;GRCh37.p13:4719253-4719413;GRCh38.p12:4719241-4719401;not applicable:X-X
49249392;nsv4255906;['copy number variation'];nssv15841871;deletion;;;;nstd166;[];19;GRCh37.p13:4675784-4675959;GRCh38.p12:4675772-4675947;not applicable:X-X
49247080;nsv4253594;['copy number variation'];nssv15841873;deletion;;;;nstd166;[];19;GRCh37.p13:4691766-4694131;GRCh38.p12:4691754-4694119;not applicable:X-X
47568967;nsv3366370;['copy number variation'];nssv14610659;deletion;SAMN09643900;;;nstd162;[];19;GRCh38:4691751-4694119;GRCh37.p13:4691763-4694131;not applicable:X-X
46787334;nsv3163357;['copy number variation'];nssv14219541;copy number gain;;;;nstd151;[];19;GRCh37:4697561-4697666;GRCh38.p12:4697549-4697654;not applicable:X-X
46784114;nsv3160137;['copy number variation'];nssv14219542;copy number gain;;;;nstd151;[];19;GRCh37:4700226-4719956;GRCh38.p12:4700214-4719944;not applicable:X-X
46579137;esv4010550;['copy number variation'];essv26066557;copy number gain;hepG2;;;estd233;[];19;GRCh37:4607000-4947000;GRCh38.p12:4606988-4946988;not applicable:X-X
45848015;nsv2785877;['copy number variation'];nssv13664890;copy number loss;CGPQ-283;;;nstd132;[];19;NCBI36:4461530-4868019;GRCh37.p13:4510530-4917019;GRCh38.p12:4510518-4917007
45820528;esv4006891;['copy number variation'];essv26063502;deletion;;;Juvenile idiopathic arthritis;estd231;[];19;GRCh37:4691762-4694131;GRCh38.p12:4691750-4694119;not applicable:X-X
45744740;esv3882883;['copy number variation'];essv24587792//essv24587793...;deletion//deletion...;HG00268//HG01182...;Heterozygous//Heterozygous...;;estd219;[];19;GRCh37:4691473-4694397;GRCh38.p12:4691461-4694385;not applicable:X-X
36714753;nsv2766848;['copy number variation'];nssv13607572;deletion;;;;nstd130;[];19;NCBI36:341627-8021720;GRCh37.p13:390627-8115720;GRCh38.p12:390627-8050836
36709216;nsv2761311;['copy number variation'];nssv13595013;deletion;;;;nstd130;[];19;NCBI36:341627-5078398;GRCh37.p13:390627-5127398;GRCh38.p12:390627-5127387
36708363;nsv2760458;['copy number variation'];nssv13602332;duplication;;;;nstd130;[];19;NCBI36:352714-5407930;GRCh37.p13:401714-5456930;GRCh38.p12:401714-5456919
36707656;nsv2759751;['copy number variation'];nssv13594162;duplication;;;;nstd130;[];19;NCBI36:323661-5662930;GRCh37.p13:372661-5711930;GRCh38.p12:372661-5711919
36706531;nsv2758626;['copy number variation'];nssv13614671;deletion;;;;nstd130;[];19;GRCh37:289244-19611550;GRCh38.p12:289244-19500741;not applicable:X-X
36706266;nsv2758361;['copy number variation'];nssv13560775;duplication;;;;nstd130;[];19;NCBI36:445057-10300711;GRCh37.p13:494057-10439711;GRCh38.p12:494057-10329035
36705844;nsv2757939;['copy number variation'];nssv13625288;deletion;;;;nstd130;[];19;GRCh37:392023-19291184;GRCh38.p12:392023-19180375;not applicable:X-X
36705634;nsv2757729;['copy number variation'];nssv13620416;deletion;;;;nstd130;[];19;GRCh37:400926-11618630;GRCh38.p12:400926-11507815;not applicable:X-X
36705437;nsv2757532;['copy number variation'];nssv13620224;deletion;;;;nstd130;[];19;GRCh37:266034-54723310;GRCh38.p12:266034-54071460;not applicable:X-X
36704682;nsv2756777;['copy number variation'];nssv13592701;deletion;;;;nstd130;[];19;NCBI36:4550172-4656508;GRCh37.p13:4599172-4705508;GRCh38.p12:4599160-4705496
36700063;nsv2752158;['copy number variation'];nssv13609969;deletion;;;;nstd130;[];19;GRCh37:289244-58996454;GRCh38.p12:289244-58485087;not applicable:X-X
36698075;nsv2750170;['copy number variation'];nssv13599389;deletion;;;;nstd130;[];19;NCBI36:341627-6426613;GRCh37.p13:390627-6475613;GRCh38.p12:390627-6475602
30010502;nsv1387477;['copy number variation'];nssv8591291;copy number loss;;;;nstd122;[];19;NCBI36:4643456-4645080;GRCh37.p13:4692456-4694080;GRCh38.p12:4692444-4694068
30010386;nsv1387361;['copy number variation'];nssv8595622;copy number loss;;;;nstd122;[];19;NCBI36:4614212-4627140;GRCh37.p13:4663212-4676140;GRCh38.p12:4663200-4676128
30009821;nsv1386796;['copy number variation'];nssv8084521//nssv8084522...;copy number loss//copy number loss...;;;;nstd122;[];19;NCBI36:4643354-4645080;GRCh37.p13:4692354-4694080;GRCh38.p12:4692342-4694068
30007137;nsv1384112;['copy number variation'];nssv8588771//nssv8591072;copy number loss//copy number loss;;;;nstd122;[];19;NCBI36:4643354-4651187;GRCh37.p13:4692354-4700187;GRCh38.p12:4692342-4700175
30003510;nsv1380485;['copy number variation'];nssv8084528//nssv8084529...;copy number loss//copy number loss...;;;;nstd122;[];19;NCBI36:4643354-4645012;GRCh37.p13:4692354-4694012;GRCh38.p12:4692342-4694000
28567659;nsv1195933;['copy number variation'];nssv7466553;copy number gain;24858;;;nstd113;[];19;NCBI36:4329111-6688858;GRCh37.p13:4378111-6737858;GRCh38.p12:4378114-6737847
28563247;nsv1191521;['copy number variation'];nssv7464489;copy number gain;38467;;;nstd113;[];19;NCBI36:213080-19177798;GRCh37.p13:262080-19316798;GRCh38.p12:262080-19205989
28562406;nsv1190680;['copy number variation'];nssv7471613;copy number gain;26969;;;nstd113;[];19;NCBI36:213080-8209449;GRCh37.p13:262080-8303449;GRCh38.p12:262080-8238565
24724222;esv3792302;['copy number variation'];essv16619483;deletion;2196224;;;estd192;[];19;GRCh37:1056327-11286135;GRCh38.p12:1056328-11175459;not applicable:X-X
24719946;esv3774850;['copy number variation'];essv16600121;deletion;2196276;;;estd192;[];19;GRCh37:3716291-35955791;GRCh38.p12:3716293-35464889;not applicable:X-X
24711207;esv3782273;['copy number variation'];essv16608361;deletion;2121125;;;estd192;[];19;GRCh37:3587162-5845821;GRCh38.p12:3587164-5845810;not applicable:X-X
24701312;esv3768431;['copy number variation'];essv16592947;deletion;1317053;;;estd192;[];19;GRCh37:2648209-6096924;GRCh38.p12:2648211-6096913;not applicable:X-X
24696163;esv3770438;['copy number variation'];essv16595170//essv16595171;deletion//deletion;2196240//2186513;;;estd192;[];19;GRCh37:2693288-4828259;GRCh38.p12:2693290-4828247;not applicable:X-X
24696026;esv3757968;['copy number variation'];essv16581343;deletion;2185949;;;estd192;[];19;GRCh37:2136462-18525404;GRCh38.p12:2136463-18414594;not applicable:X-X
24690695;esv3772197;['copy number variation'];essv16597148;deletion;2121180;;;estd192;[];19;GRCh37:3946895-5216814;GRCh38.p12:3946897-5216803;not applicable:X-X
24498719;esv3643509;['copy number variation'];essv15982225//essv15982226...;deletion//deletion...;SAMN00006372//SAMN00009183...;Heterozygous//Heterozygous...;;estd214;[];19;GRCh37:4691473-4694397;GRCh38.p12:4691461-4694385;not applicable:X-X
17724067;nsv1065650;['copy number variation'];nssv3478121;copy number gain;9900303;;;nstd100;[];19;NCBI36:3349930-5666956;GRCh37.p13:3398930-5715956;GRCh38.p12:3398932-5715945
17721126;nsv1062709;['copy number variation'];nssv3564606;copy number loss;;;;nstd100;[];19;NCBI36:4604836-4793890;GRCh37.p13:4653836-4842890;GRCh38.p12:4653824-4842878
17719429;nsv1061012;['copy number variation'];nssv3475443;copy number gain;9896423;;;nstd100;[];19;NCBI36:4329111-6688858;GRCh37.p13:4378111-6737858;GRCh38.p12:4378114-6737847
17717961;nsv1059544;['copy number variation'];nssv3468825;copy number gain;9894312;;;nstd100;[];19;NCBI36:213080-8209449;GRCh37.p13:262080-8303449;GRCh38.p12:262080-8238565
16964888;nsv984831;['copy number variation'];nssv459325//nssv459419;copy number gain//copy number gain;;;Leukemia- Myeloid- Acute//Leukemia- Myeloid- Acute;nstd11;[];19;GRCh38.p12:90910-58586487;GRCh37.p13:90910-59097854;NCBI36:41910-63789666
16872594;esv3439852;['copy number variation'];essv9497458//essv9497469...;deletion//deletion...;SAMN00001647//SAMN00797404...;;;estd59;[];19;NCBI36:4621977-4624525;GRCh37.p13:4670977-4673525;GRCh38.p12:4670965-4673513
16859282;esv3424540;['copy number variation'];essv8785760//essv8785761...;deletion//deletion...;SAMN00801888//SAMN00001695...;;;estd59;[];19;NCBI36:4622252-4624575;GRCh37.p13:4671252-4673575;GRCh38.p12:4671240-4673563
14571534;nsv978760;['copy number variation'];nssv2126718//nssv2126719...;duplication//duplication...;Homo_denisova-Denisova_30x//SAMN01920473...;;;nstd82;[];19;NCBI36:4671248-4675787;GRCh37.p13:4720248-4724787;GRCh38.p12:4720236-4724775
13391700;nsv953950;['copy number variation'];nssv2998929;deletion;SAMN01096093;;;nstd73;[];19;GRCh37:4540601-4723500;GRCh38.p12:4540589-4723488;not applicable:X-X
13149218;nsv948645;['copy number variation'];nssv2767187;copy number gain;;;;nstd85;[];19;NCBI35:212033-5032364;GRCh37.p13:261033-5081364;GRCh38.p12:261033-5081353
12047405;nsv943684;['copy number variation'];nssv1665855;copy number loss;5;;;nstd84;[];19;GRCh37:4701039-4705533;GRCh38.p12:4701027-4705521;not applicable:X-X
12039771;nsv936050;['copy number variation'];nssv1668142;copy number loss;4;;;nstd84;[];19;GRCh37:4701606-4705707;GRCh38.p12:4701594-4705695;not applicable:X-X
11483998;esv10294;['copy number variation'];essv79790;copy number loss;NA12749;;;estd20;[];19;NCBI36:4643171-4645141;GRCh37.p13:4692171-4694141;GRCh38.p12:4692159-4694129
9606751;nsv910858;['copy number variation'];nssv1576304;copy number loss;IS34005;;;nstd71;[];19;NCBI36:4605757-4686663;GRCh37.p13:4654757-4735663;GRCh38.p12:4654745-4735651
9606750;nsv910857;['copy number variation'];nssv1590614;copy number loss;IS38538;;;nstd71;[];19;NCBI36:4598231-4686663;GRCh37.p13:4647231-4735663;GRCh38.p12:4647219-4735651
9606749;nsv910856;['copy number variation'];nssv1576774//nssv1576978;copy number loss//copy number loss;IS34235//IS34304;;;nstd71;[];19;NCBI36:4598231-4656508;GRCh37.p13:4647231-4705508;GRCh38.p12:4647219-4705496
9606748;nsv910855;['copy number variation'];nssv1588270;copy number loss;IS38176;;;nstd71;[];19;NCBI36:4591983-4665468;GRCh37.p13:4640983-4714468;GRCh38.p12:4640971-4714456
9606747;nsv910854;['copy number variation'];nssv1543778;copy number loss;MS16153;;;nstd71;[];19;NCBI36:4587946-4686663;GRCh37.p13:4636946-4735663;GRCh38.p12:4636934-4735651
9606746;nsv910853;['copy number variation'];nssv1565229;copy number loss;IS30369;;;nstd71;[];19;NCBI36:4586402-4686663;GRCh37.p13:4635402-4735663;GRCh38.p12:4635390-4735651
9606745;nsv910852;['copy number variation'];nssv1571578;copy number loss;IS32737;;;nstd71;[];19;NCBI36:4573380-4686663;GRCh37.p13:4622380-4735663;GRCh38.p12:4622368-4735651
9606744;nsv910851;['copy number variation'];nssv1546998;copy number loss;MS17208;;;nstd71;[];19;NCBI36:4573380-4668187;GRCh37.p13:4622380-4717187;GRCh38.p12:4622368-4717175
9606743;nsv910850;['copy number variation'];nssv1592424;copy number loss;IS39233;;;nstd71;[];19;NCBI36:4573380-4665468;GRCh37.p13:4622380-4714468;GRCh38.p12:4622368-4714456
9606742;nsv910849;['copy number variation'];nssv1573581//nssv1575200;copy number loss//copy number loss;IS33455//IS33684;;;nstd71;[];19;NCBI36:4573380-4636276;GRCh37.p13:4622380-4685276;GRCh38.p12:4622368-4685264
9606741;nsv910848;['copy number variation'];nssv1571984;copy number loss;IS32841;;;nstd71;[];19;NCBI36:4566843-4715306;GRCh37.p13:4615843-4764306;GRCh38.p12:4615831-4764294
9606740;nsv910847;['copy number variation'];nssv1530942;copy number loss;MS10311;;;nstd71;[];19;NCBI36:4550172-4767160;GRCh37.p13:4599172-4816160;GRCh38.p12:4599160-4816148
9606734;nsv910841;['copy number variation'];nssv1549968;copy number loss;MS18276;;;nstd71;[];19;NCBI36:4426362-4668187;GRCh37.p13:4475362-4717187;GRCh38.p12:4475365-4717175
9606733;nsv910840;['copy number variation'];nssv1573964;copy number loss;IS33504;;;nstd71;[];19;NCBI36:4426362-4656508;GRCh37.p13:4475362-4705508;GRCh38.p12:4475365-4705496
9452137;esv2666899;['copy number variation'];essv5419891//essv5589934...;deletion//deletion...;SAMN00001293//SAMN00801680...;;;estd199;[];19;GRCh37:4691762-4694131;GRCh38.p12:4691750-4694119;not applicable:X-X
7861896;esv1415221;['copy number variation'];essv4002781;deletion;HuRef;Heterozygous;;estd22;[];19;NCBI36:4666031-4666036;GRCh37.p13:4715031-4715036;GRCh38.p12:4715019-4715024
6676350;nsv869628;['copy number variation'];nssv1496514;copy number gain;OAT_05;;;nstd53;[];19;GRCh38.p12:4671581-4709369;GRCh37.p13:4671593-4709381;NCBI36:4622593-4660381
6431469;esv2243285;['copy number variation'];essv4501679;deletion;NA18507;;;estd194;[];19;NCBI36:4646822-4646825;GRCh37.p13:4695822-4695825;GRCh38.p12:4695810-4695813
6390711;esv2049013;['copy number variation'];essv4952222;deletion;NA18507;;;estd194;[];19;NCBI36:4625678-4625680;GRCh37.p13:4674678-4674680;GRCh38.p12:4674666-4674668
5431841;esv2534926;['copy number variation'];essv5369539;deletion;NA18507;;;estd197;[];19;NCBI36:4646822-4646824;GRCh37.p13:4695822-4695824;GRCh38.p12:4695810-4695812
4912584;esv1825692;['copy number variation'];essv4379056;copy number loss;NA15510;;;estd188;[];19;GRCh38.p12:4510042-4689189;GRCh37.p13:4510054-4689201;NCBI36:4461054-4640201
4791282;nsv833721;['copy number variation'];nssv1454278;copy number loss;;;;nstd68;[];19;NCBI35:4599141-4719653;GRCh37.p13:4648141-4768653;GRCh38.p12:4648129-4768641
3857170;nsv578454;['copy number variation'];nssv892935//nssv892936;copy number loss//copy number loss;;;;nstd54;[];19;NCBI36:4643354-4645080;GRCh37.p13:4692354-4694080;GRCh38.p12:4692342-4694068
3857169;nsv578453;['copy number variation'];nssv892934;copy number loss;;;;nstd54;[];19;NCBI36:4643354-4644621;GRCh37.p13:4692354-4693621;GRCh38.p12:4692342-4693609
3857168;nsv578452;['copy number variation'];nssv892933;copy number loss;;;;nstd54;[];19;NCBI36:4625799-4725214;GRCh37.p13:4674799-4774214;GRCh38.p12:4674787-4774202
3752746;nsv543895;['copy number variation'];nssv1170533;copy number gain;9896423;;;nstd54;[];19;NCBI36:4329111-6688858;GRCh37.p13:4378111-6737858;GRCh38.p12:4378114-6737847
3752739;nsv543888;['copy number variation'];nssv1170526;copy number gain;9900303;;;nstd54;[];19;NCBI36:3349930-5666956;GRCh37.p13:3398930-5715956;GRCh38.p12:3398932-5715945
3752703;nsv543852;['copy number variation'];nssv1169961//nssv1169962;copy number gain//copy number gain;9881935//9884508;;;nstd54;[];19;NCBI36:213080-20384707;GRCh37.p13:262080-20592867;GRCh38.p12:262080-20410060
3752702;nsv543851;['copy number variation'];nssv1169960;copy number gain;9882003;;;nstd54;[];19;NCBI36:213080-19874479;GRCh37.p13:262080-20013479;GRCh38.p12:262080-19902670
3752701;nsv543850;['copy number variation'];nssv1169959;copy number gain;9901644;;;nstd54;[];19;NCBI36:213080-19679715;GRCh37.p13:262080-19818715;GRCh38.p12:262080-19707906
3752700;nsv543849;['copy number variation'];nssv1169958;copy number gain;9882814;;;nstd54;[];19;NCBI36:213080-19177798;GRCh37.p13:262080-19316798;GRCh38.p12:262080-19205989
3752699;nsv543848;['copy number variation'];nssv1169957;copy number gain;9883347;;;nstd54;[];19;NCBI36:213080-19143141;GRCh37.p13:262080-19282141;GRCh38.p12:262080-19171332
3752698;nsv543847;['copy number variation'];nssv1169956;copy number gain;9881949;;;nstd54;[];19;NCBI36:213080-14671182;GRCh37.p13:262080-14810182;GRCh38.p12:262080-14699370
3752697;nsv543846;['copy number variation'];nssv1169955;copy number gain;9882316;;;nstd54;[];19;NCBI36:213080-14282378;GRCh37.p13:262080-14421378;GRCh38.p12:262080-14310566
3752696;nsv543845;['copy number variation'];nssv1169954;copy number gain;9884940;;;nstd54;[];19;NCBI36:213080-13402615;GRCh37.p13:262080-13541615;GRCh38.p12:262080-13430801
3752695;nsv543844;['copy number variation'];nssv1169952//nssv1169953;copy number gain//copy number gain;9881957//9882059;;;nstd54;[];19;NCBI36:213080-13231490;GRCh37.p13:262080-13370490;GRCh38.p12:262080-13259676
3752694;nsv543843;['copy number variation'];nssv1169951;copy number gain;9884592;;;nstd54;[];19;NCBI36:213080-11599258;GRCh37.p13:262080-11738258;GRCh38.p12:262080-11627443
3752693;nsv543842;['copy number variation'];nssv1169949//nssv1169950;copy number loss//copy number loss;9884206//9885208;;;nstd54;[];19;NCBI36:213080-9007092;GRCh37.p13:262080-9146092;GRCh38.p12:262080-9035416
3752692;nsv543841;['copy number variation'];nssv1169948;copy number loss;9884364;;;nstd54;[];19;NCBI36:213080-8973331;GRCh37.p13:262080-9112331;GRCh38.p12:262080-9001655
3752691;nsv543840;['copy number variation'];nssv1169947;copy number loss;9881578;;;nstd54;[];19;NCBI36:213080-8647158;GRCh37.p13:262080-8786158;GRCh38.p12:262080-8676323
3752690;nsv543839;['copy number variation'];nssv1169944//nssv1169945...;copy number loss//copy number loss...;9882952//9883154...;;;nstd54;[];19;NCBI36:213080-8578603;GRCh37.p13:262080-8672603;GRCh38.p12:262080-8607718
3752689;nsv543838;['copy number variation'];nssv1169943;copy number gain;9894312;;;nstd54;[];19;NCBI36:213080-8209449;GRCh37.p13:262080-8303449;GRCh38.p12:262080-8238565
3752688;nsv543837;['copy number variation'];nssv1169942;copy number gain;9884889;;;nstd54;[];19;NCBI36:213080-5888941;GRCh37.p13:262080-5937941;GRCh38.p12:262080-5937930
3752687;nsv543836;['copy number variation'];nssv1169941;copy number gain;9882929;;;nstd54;[];19;NCBI36:213080-5821330;GRCh37.p13:262080-5870330;GRCh38.p12:262080-5870319
3752686;nsv543835;['copy number variation'];nssv1169937//nssv1169938...;copy number gain//copy number gain...;9882719//9883057...;;;nstd54;[];19;NCBI36:213080-5788483;GRCh37.p13:262080-5837483;GRCh38.p12:262080-5837472
3752685;nsv543834;['copy number variation'];nssv1169936;copy number gain;9882113;;;nstd54;[];19;NCBI36:213080-5758673;GRCh37.p13:262080-5807673;GRCh38.p12:262080-5807662
3752684;nsv543833;['copy number variation'];nssv1169933//nssv1169934...;copy number gain//copy number gain...;9882067//9883330...;;;nstd54;[];19;NCBI36:213080-5724456;GRCh37.p13:262080-5773456;GRCh38.p12:262080-5773445
3752683;nsv543832;['copy number variation'];nssv1169925//nssv1169926...;copy number gain//copy number gain...;9881982//9883023...;;;nstd54;[];19;NCBI36:213080-5529713;GRCh37.p13:262080-5578713;GRCh38.p12:262080-5578702
3752682;nsv543831;['copy number variation'];nssv1169921//nssv1169922...;copy number gain//copy number gain...;9881904//9882264...;;;nstd54;[];19;NCBI36:213080-5492967;GRCh37.p13:262080-5541967;GRCh38.p12:262080-5541956
3752681;nsv543830;['copy number variation'];nssv1169920;copy number gain;9882670;;;nstd54;[];19;NCBI36:213080-5438451;GRCh37.p13:262080-5487451;GRCh38.p12:262080-5487440
3752680;nsv543829;['copy number variation'];nssv1169918//nssv1169919;copy number gain//copy number gain;9882806//9884787;;;nstd54;[];19;NCBI36:213080-5311389;GRCh37.p13:262080-5360389;GRCh38.p12:262080-5360378
3752679;nsv543828;['copy number variation'];nssv1169917;copy number gain;9883569;;;nstd54;[];19;NCBI36:213080-5206095;GRCh37.p13:262080-5255095;GRCh38.p12:262080-5255084
991537;nsv458332;['copy number variation'];nssv636567;copy number loss;;;;nstd27;[];19;NCBI35:4625799-4725214;GRCh37.p13:4674799-4774214;GRCh38.p12:4674787-4774202
878498;nsv428361;['copy number variation'];nssv453606//nssv453607...;copy number loss//copy number loss...;HGDP00462//HGDP00471...;;;nstd8;[];19;GRCh38.p12:4510042-4689189;GRCh37.p13:4510054-4689201;NCBI36:4461054-4640201
286823;nsv135372;['copy number variation'];nssv153950;deletion;;;;nstd6;[];19;NCBI35:4624332-4624333;GRCh37.p13:4673332-4673333;GRCh38.p12:4673320-4673321
