ClinVar_variant_id;title;accession;type;description;protein_change;Chr;assembly1;assembly2;assembly3;source_id
788833;NM_139159.5(DPP9):c.551C>G (p.Ala184Gly);VCV000788833;single nucleotide variant;Benign;A184G;19;GRCh38:4704180-4704180;GRCh37:4704192-4704192;not applicable:X-X;MedGen (CN517202 )
779179;NM_139159.5(DPP9):c.966T>C (p.Pro322=);VCV000779179;single nucleotide variant;Benign;;19;GRCh38:4702073-4702073;GRCh37:4702085-4702085;not applicable:X-X;MedGen (CN517202 )
778595;NM_139159.5(DPP9):c.249C>T (p.His83=);VCV000778595;single nucleotide variant;Benign;;19;GRCh38:4714145-4714145;GRCh37:4714157-4714157;not applicable:X-X;MedGen (CN517202 )
769947;NM_139159.5(DPP9):c.986C>T (p.Thr329Met);VCV000769947;single nucleotide variant;Benign;T329M;19;GRCh38:4702053-4702053;GRCh37:4702065-4702065;not applicable:X-X;MedGen (CN517202 )
735990;NM_139159.5(DPP9):c.2071T>C (p.Leu691=);VCV000735990;single nucleotide variant;Likely benign;;19;GRCh38:4684770-4684770;GRCh37:4684782-4684782;not applicable:X-X;MedGen (CN517202 )
717743;NM_139159.5(DPP9):c.1696G>A (p.Glu566Lys);VCV000717743;single nucleotide variant;Benign;E566K;19;GRCh38:4689623-4689623;GRCh37:4689635-4689635;not applicable:X-X;MedGen (CN517202 )
713315;NM_139159.5(DPP9):c.1824C>A (p.Gly608=);VCV000713315;single nucleotide variant;Benign;;19;GRCh38:4688818-4688818;GRCh37:4688830-4688830;not applicable:X-X;MedGen (CN517202 )
